time,road,milage,direct,type,counts
2024-04-29 18:05,01F,0005,N,31,123
2024-04-29 18:05,01F,0005,N,32,24
2024-04-29 18:05,01F,0005,N,41,7
2024-04-29 18:05,01F,0005,N,42,1
2024-04-29 18:05,01F,0005,N,5,0
2024-04-29 18:05,01F,0005,S,31,86
2024-04-29 18:05,01F,0005,S,32,15
2024-04-29 18:05,01F,0005,S,41,8
2024-04-29 18:05,01F,0005,S,42,0
2024-04-29 18:05,01F,0005,S,5,0
2024-04-29 18:05,01F,0017,N,31,108
2024-04-29 18:05,01F,0017,N,32,26
2024-04-29 18:05,01F,0017,N,41,7
2024-04-29 18:05,01F,0017,N,42,1
2024-04-29 18:05,01F,0017,N,5,2
2024-04-29 18:05,01F,0017,S,31,74
2024-04-29 18:05,01F,0017,S,32,16
2024-04-29 18:05,01F,0017,S,41,7
2024-04-29 18:05,01F,0017,S,42,0
2024-04-29 18:05,01F,0017,S,5,0
2024-04-29 18:05,01F,0029,N,31,148
2024-04-29 18:05,01F,0029,N,32,35
2024-04-29 18:05,01F,0029,N,41,7
2024-04-29 18:05,01F,0029,N,42,0
2024-04-29 18:05,01F,0029,N,5,1
2024-04-29 18:05,01F,0029,S,31,100
2024-04-29 18:05,01F,0029,S,32,21
2024-04-29 18:05,01F,0029,S,41,8
2024-04-29 18:05,01F,0029,S,42,3
2024-04-29 18:05,01F,0029,S,5,0
2024-04-29 18:05,01F,0061,N,31,253
2024-04-29 18:05,01F,0061,N,32,61
2024-04-29 18:05,01F,0061,N,41,7
2024-04-29 18:05,01F,0061,N,42,5
2024-04-29 18:05,01F,0061,N,5,5
2024-04-29 18:05,01F,0061,S,31,170
2024-04-29 18:05,01F,0061,S,32,37
2024-04-29 18:05,01F,0061,S,41,6
2024-04-29 18:05,01F,0061,S,42,8
2024-04-29 18:05,01F,0061,S,5,5
2024-04-29 18:05,01F,0099,N,31,175
2024-04-29 18:05,01F,0099,N,32,51
2024-04-29 18:05,01F,0099,N,41,9
2024-04-29 18:05,01F,0099,N,42,2
2024-04-29 18:05,01F,0099,N,5,9
2024-04-29 18:05,01F,0099,S,31,172
2024-04-29 18:05,01F,0099,S,32,38
2024-04-29 18:05,01F,0099,S,41,7
2024-04-29 18:05,01F,0099,S,42,6
2024-04-29 18:05,01F,0099,S,5,4
2024-04-29 18:05,01F,0147,N,31,198
2024-04-29 18:05,01F,0147,N,32,48
2024-04-29 18:05,01F,0147,N,41,8
2024-04-29 18:05,01F,0147,N,42,6
2024-04-29 18:05,01F,0147,N,5,9
2024-04-29 18:05,01F,0147,S,31,147
2024-04-29 18:05,01F,0147,S,32,20
2024-04-29 18:05,01F,0147,S,41,10
2024-04-29 18:05,01F,0147,S,42,3
2024-04-29 18:05,01F,0147,S,5,4
2024-04-29 18:05,01F,0153,N,31,238
2024-04-29 18:05,01F,0153,N,32,64
2024-04-29 18:05,01F,0153,N,41,7
2024-04-29 18:05,01F,0153,N,42,7
2024-04-29 18:05,01F,0153,N,5,9
2024-04-29 18:05,01F,0153,S,31,212
2024-04-29 18:05,01F,0153,S,32,28
2024-04-29 18:05,01F,0153,S,41,10
2024-04-29 18:05,01F,0153,S,42,3
2024-04-29 18:05,01F,0153,S,5,3
2024-04-29 18:05,01F,0182,S,31,218
2024-04-29 18:05,01F,0182,S,32,52
2024-04-29 18:05,01F,0182,S,41,2
2024-04-29 18:05,01F,0182,S,42,5
2024-04-29 18:05,01F,0182,S,5,5
2024-04-29 18:05,01F,0213,N,31,191
2024-04-29 18:05,01F,0213,N,32,52
2024-04-29 18:05,01F,0213,N,41,9
2024-04-29 18:05,01F,0213,N,42,4
2024-04-29 18:05,01F,0213,N,5,6
2024-04-29 18:05,01F,0233,N,31,346
2024-04-29 18:05,01F,0233,N,32,78
2024-04-29 18:05,01F,0233,N,41,11
2024-04-29 18:05,01F,0233,N,42,7
2024-04-29 18:05,01F,0233,N,5,11
2024-04-29 18:05,01F,0248,S,31,424
2024-04-29 18:05,01F,0248,S,32,86
2024-04-29 18:05,01F,0248,S,41,13
2024-04-29 18:05,01F,0248,S,42,10
2024-04-29 18:05,01F,0248,S,5,8
2024-04-29 18:05,01F,0256,N,31,323
2024-04-29 18:05,01F,0256,N,32,63
2024-04-29 18:05,01F,0256,N,41,17
2024-04-29 18:05,01F,0256,N,42,8
2024-04-29 18:05,01F,0256,N,5,9
2024-04-29 18:05,01F,0264,S,31,409
2024-04-29 18:05,01F,0264,S,32,97
2024-04-29 18:05,01F,0264,S,41,11
2024-04-29 18:05,01F,0264,S,42,11
2024-04-29 18:05,01F,0264,S,5,8
2024-04-29 18:05,01F,0293,N,31,307
2024-04-29 18:05,01F,0293,N,32,75
2024-04-29 18:05,01F,0293,N,41,19
2024-04-29 18:05,01F,0293,N,42,7
2024-04-29 18:05,01F,0293,N,5,3
2024-04-29 18:05,01F,0293,S,31,355
2024-04-29 18:05,01F,0293,S,32,84
2024-04-29 18:05,01F,0293,S,41,16
2024-04-29 18:05,01F,0293,S,42,8
2024-04-29 18:05,01F,0293,S,5,9
2024-04-29 18:05,01F,0339,S,31,554
2024-04-29 18:05,01F,0339,S,32,118
2024-04-29 18:05,01F,0339,S,41,27
2024-04-29 18:05,01F,0339,S,42,8
2024-04-29 18:05,01F,0339,S,5,6
2024-04-29 18:05,01F,0340,N,31,487
2024-04-29 18:05,01F,0340,N,32,127
2024-04-29 18:05,01F,0340,N,41,24
2024-04-29 18:05,01F,0340,N,42,11
2024-04-29 18:05,01F,0340,N,5,1
2024-04-29 18:05,01F,0376,N,31,353
2024-04-29 18:05,01F,0376,N,32,80
2024-04-29 18:05,01F,0376,N,41,33
2024-04-29 18:05,01F,0376,N,42,8
2024-04-29 18:05,01F,0376,N,5,2
2024-04-29 18:05,01F,0376,S,31,445
2024-04-29 18:05,01F,0376,S,32,89
2024-04-29 18:05,01F,0376,S,41,25
2024-04-29 18:05,01F,0376,S,42,10
2024-04-29 18:05,01F,0376,S,5,7
2024-04-29 18:05,01F,0413,N,31,150
2024-04-29 18:05,01F,0413,N,32,42
2024-04-29 18:05,01F,0413,N,41,4
2024-04-29 18:05,01F,0413,N,42,14
2024-04-29 18:05,01F,0413,N,5,2
2024-04-29 18:05,01F,0413,S,31,195
2024-04-29 18:05,01F,0413,S,32,43
2024-04-29 18:05,01F,0413,S,41,7
2024-04-29 18:05,01F,0413,S,42,6
2024-04-29 18:05,01F,0413,S,5,3
2024-04-29 18:05,01F,0467,N,31,303
2024-04-29 18:05,01F,0467,N,32,78
2024-04-29 18:05,01F,0467,N,41,14
2024-04-29 18:05,01F,0467,N,42,10
2024-04-29 18:05,01F,0467,N,5,5
2024-04-29 18:05,01F,0467,S,31,385
2024-04-29 18:05,01F,0467,S,32,81
2024-04-29 18:05,01F,0467,S,41,12
2024-04-29 18:05,01F,0467,S,42,11
2024-04-29 18:05,01F,0467,S,5,8
2024-04-29 18:05,01F,0492,N,31,202
2024-04-29 18:05,01F,0492,N,32,57
2024-04-29 18:05,01F,0492,N,41,3
2024-04-29 18:05,01F,0492,N,42,8
2024-04-29 18:05,01F,0492,N,5,2
2024-04-29 18:05,01F,0492,S,31,184
2024-04-29 18:05,01F,0492,S,32,49
2024-04-29 18:05,01F,0492,S,41,7
2024-04-29 18:05,01F,0492,S,42,13
2024-04-29 18:05,01F,0492,S,5,7
2024-04-29 18:05,01F,0511,N,31,391
2024-04-29 18:05,01F,0511,N,32,115
2024-04-29 18:05,01F,0511,N,41,3
2024-04-29 18:05,01F,0511,N,42,8
2024-04-29 18:05,01F,0511,N,5,6
2024-04-29 18:05,01F,0511,S,31,296
2024-04-29 18:05,01F,0511,S,32,79
2024-04-29 18:05,01F,0511,S,41,13
2024-04-29 18:05,01F,0511,S,42,18
2024-04-29 18:05,01F,0511,S,5,7
2024-04-29 18:05,01F,0532,N,31,294
2024-04-29 18:05,01F,0532,N,32,86
2024-04-29 18:05,01F,0532,N,41,2
2024-04-29 18:05,01F,0532,N,42,11
2024-04-29 18:05,01F,0532,N,5,7
2024-04-29 18:05,01F,0532,S,31,270
2024-04-29 18:05,01F,0532,S,32,74
2024-04-29 18:05,01F,0532,S,41,8
2024-04-29 18:05,01F,0532,S,42,16
2024-04-29 18:05,01F,0532,S,5,8
2024-04-29 18:05,01F,0557,N,31,300
2024-04-29 18:05,01F,0557,N,32,102
2024-04-29 18:05,01F,0557,N,41,8
2024-04-29 18:05,01F,0557,N,42,21
2024-04-29 18:05,01F,0557,N,5,9
2024-04-29 18:05,01F,0557,S,31,315
2024-04-29 18:05,01F,0557,S,32,86
2024-04-29 18:05,01F,0557,S,41,6
2024-04-29 18:05,01F,0557,S,42,16
2024-04-29 18:05,01F,0557,S,5,5
2024-04-29 18:05,01F,0578,S,31,276
2024-04-29 18:05,01F,0578,S,32,56
2024-04-29 18:05,01F,0578,S,41,5
2024-04-29 18:05,01F,0578,S,42,8
2024-04-29 18:05,01F,0578,S,5,12
2024-04-29 18:05,01F,0584,N,31,302
2024-04-29 18:05,01F,0584,N,32,92
2024-04-29 18:05,01F,0584,N,41,5
2024-04-29 18:05,01F,0584,N,42,23
2024-04-29 18:05,01F,0584,N,5,4
2024-04-29 18:05,01F,0633,N,31,304
2024-04-29 18:05,01F,0633,N,32,84
2024-04-29 18:05,01F,0633,N,41,3
2024-04-29 18:05,01F,0633,N,42,17
2024-04-29 18:05,01F,0633,N,5,9
2024-04-29 18:05,01F,0633,S,31,223
2024-04-29 18:05,01F,0633,S,32,54
2024-04-29 18:05,01F,0633,S,41,5
2024-04-29 18:05,01F,0633,S,42,10
2024-04-29 18:05,01F,0633,S,5,7
2024-04-29 18:05,01F,0664,N,31,278
2024-04-29 18:05,01F,0664,N,32,85
2024-04-29 18:05,01F,0664,N,41,3
2024-04-29 18:05,01F,0664,N,42,9
2024-04-29 18:05,01F,0664,N,5,13
2024-04-29 18:05,01F,0664,S,31,214
2024-04-29 18:05,01F,0664,S,32,48
2024-04-29 18:05,01F,0664,S,41,3
2024-04-29 18:05,01F,0664,S,42,13
2024-04-29 18:05,01F,0664,S,5,13
2024-04-29 18:05,01F,0681,N,31,216
2024-04-29 18:05,01F,0681,N,32,67
2024-04-29 18:05,01F,0681,N,41,4
2024-04-29 18:05,01F,0681,N,42,10
2024-04-29 18:05,01F,0681,N,5,12
2024-04-29 18:05,01F,0681,S,31,201
2024-04-29 18:05,01F,0681,S,32,52
2024-04-29 18:05,01F,0681,S,41,3
2024-04-29 18:05,01F,0681,S,42,12
2024-04-29 18:05,01F,0681,S,5,9
2024-04-29 18:05,01F,0699,N,31,206
2024-04-29 18:05,01F,0699,N,32,58
2024-04-29 18:05,01F,0699,N,41,6
2024-04-29 18:05,01F,0699,N,42,9
2024-04-29 18:05,01F,0699,N,5,9
2024-04-29 18:05,01F,0699,S,31,103
2024-04-29 18:05,01F,0699,S,32,24
2024-04-29 18:05,01F,0699,S,41,4
2024-04-29 18:05,01F,0699,S,42,10
2024-04-29 18:05,01F,0699,S,5,9
2024-04-29 18:05,01F,0750,N,31,303
2024-04-29 18:05,01F,0750,N,32,72
2024-04-29 18:05,01F,0750,N,41,4
2024-04-29 18:05,01F,0750,N,42,12
2024-04-29 18:05,01F,0750,N,5,9
2024-04-29 18:05,01F,0750,S,31,207
2024-04-29 18:05,01F,0750,S,32,48
2024-04-29 18:05,01F,0750,S,41,10
2024-04-29 18:05,01F,0750,S,42,10
2024-04-29 18:05,01F,0750,S,5,13
2024-04-29 18:05,01F,0880,N,31,297
2024-04-29 18:05,01F,0880,N,32,72
2024-04-29 18:05,01F,0880,N,41,5
2024-04-29 18:05,01F,0880,N,42,16
2024-04-29 18:05,01F,0880,N,5,14
2024-04-29 18:05,01F,0880,S,31,314
2024-04-29 18:05,01F,0880,S,32,76
2024-04-29 18:05,01F,0880,S,41,5
2024-04-29 18:05,01F,0880,S,42,14
2024-04-29 18:05,01F,0880,S,5,6
2024-04-29 18:05,01F,0928,N,31,432
2024-04-29 18:05,01F,0928,N,32,70
2024-04-29 18:05,01F,0928,N,41,5
2024-04-29 18:05,01F,0928,N,42,10
2024-04-29 18:05,01F,0928,N,5,12
2024-04-29 18:05,01F,0928,S,31,304
2024-04-29 18:05,01F,0928,S,32,71
2024-04-29 18:05,01F,0928,S,41,9
2024-04-29 18:05,01F,0928,S,42,14
2024-04-29 18:05,01F,0928,S,5,13
2024-04-29 18:05,01F,0950,S,31,159
2024-04-29 18:05,01F,0950,S,32,51
2024-04-29 18:05,01F,0950,S,41,3
2024-04-29 18:05,01F,0950,S,42,10
2024-04-29 18:05,01F,0950,S,5,6
2024-04-29 18:05,01F,0956,N,31,174
2024-04-29 18:05,01F,0956,N,32,37
2024-04-29 18:05,01F,0956,N,41,13
2024-04-29 18:05,01F,0956,N,42,13
2024-04-29 18:05,01F,0956,N,5,10
2024-04-29 18:05,01F,0979,N,31,326
2024-04-29 18:05,01F,0979,N,32,65
2024-04-29 18:05,01F,0979,N,41,8
2024-04-29 18:05,01F,0979,N,42,15
2024-04-29 18:05,01F,0979,N,5,12
2024-04-29 18:05,01F,0980,S,31,385
2024-04-29 18:05,01F,0980,S,32,86
2024-04-29 18:05,01F,0980,S,41,4
2024-04-29 18:05,01F,0980,S,42,13
2024-04-29 18:05,01F,0980,S,5,2
2024-04-29 18:05,01F,1045,N,31,194
2024-04-29 18:05,01F,1045,N,32,45
2024-04-29 18:05,01F,1045,N,41,9
2024-04-29 18:05,01F,1045,N,42,4
2024-04-29 18:05,01F,1045,N,5,6
2024-04-29 18:05,01F,1045,S,31,241
2024-04-29 18:05,01F,1045,S,32,67
2024-04-29 18:05,01F,1045,S,41,5
2024-04-29 18:05,01F,1045,S,42,6
2024-04-29 18:05,01F,1045,S,5,2
2024-04-29 18:05,01F,1123,N,31,126
2024-04-29 18:05,01F,1123,N,32,43
2024-04-29 18:05,01F,1123,N,41,8
2024-04-29 18:05,01F,1123,N,42,11
2024-04-29 18:05,01F,1123,N,5,10
2024-04-29 18:05,01F,1123,S,31,138
2024-04-29 18:05,01F,1123,S,32,50
2024-04-29 18:05,01F,1123,S,41,2
2024-04-29 18:05,01F,1123,S,42,9
2024-04-29 18:05,01F,1123,S,5,4
2024-04-29 18:05,01F,1292,N,31,145
2024-04-29 18:05,01F,1292,N,32,40
2024-04-29 18:05,01F,1292,N,41,7
2024-04-29 18:05,01F,1292,N,42,8
2024-04-29 18:05,01F,1292,N,5,2
2024-04-29 18:05,01F,1292,S,31,129
2024-04-29 18:05,01F,1292,S,32,39
2024-04-29 18:05,01F,1292,S,41,6
2024-04-29 18:05,01F,1292,S,42,6
2024-04-29 18:05,01F,1292,S,5,3
2024-04-29 18:05,01F,1389,N,31,166
2024-04-29 18:05,01F,1389,N,32,30
2024-04-29 18:05,01F,1389,N,41,5
2024-04-29 18:05,01F,1389,N,42,9
2024-04-29 18:05,01F,1389,N,5,8
2024-04-29 18:05,01F,1389,S,31,110
2024-04-29 18:05,01F,1389,S,32,37
2024-04-29 18:05,01F,1389,S,41,2
2024-04-29 18:05,01F,1389,S,42,7
2024-04-29 18:05,01F,1389,S,5,2
2024-04-29 18:05,01F,1465,N,31,166
2024-04-29 18:05,01F,1465,N,32,34
2024-04-29 18:05,01F,1465,N,41,5
2024-04-29 18:05,01F,1465,N,42,13
2024-04-29 18:05,01F,1465,N,5,6
2024-04-29 18:05,01F,1465,S,31,116
2024-04-29 18:05,01F,1465,S,32,55
2024-04-29 18:05,01F,1465,S,41,5
2024-04-29 18:05,01F,1465,S,42,2
2024-04-29 18:05,01F,1465,S,5,3
2024-04-29 18:05,01F,1572,N,31,125
2024-04-29 18:05,01F,1572,N,32,25
2024-04-29 18:05,01F,1572,N,41,8
2024-04-29 18:05,01F,1572,N,42,11
2024-04-29 18:05,01F,1572,N,5,1
2024-04-29 18:05,01F,1572,S,31,155
2024-04-29 18:05,01F,1572,S,32,65
2024-04-29 18:05,01F,1572,S,41,3
2024-04-29 18:05,01F,1572,S,42,8
2024-04-29 18:05,01F,1572,S,5,3
2024-04-29 18:05,01F,1621,N,31,165
2024-04-29 18:05,01F,1621,N,32,31
2024-04-29 18:05,01F,1621,N,41,9
2024-04-29 18:05,01F,1621,N,42,11
2024-04-29 18:05,01F,1621,N,5,4
2024-04-29 18:05,01F,1621,S,31,209
2024-04-29 18:05,01F,1621,S,32,64
2024-04-29 18:05,01F,1621,S,41,3
2024-04-29 18:05,01F,1621,S,42,1
2024-04-29 18:05,01F,1621,S,5,2
2024-04-29 18:05,01F,1664,N,31,260
2024-04-29 18:05,01F,1664,N,32,60
2024-04-29 18:05,01F,1664,N,41,5
2024-04-29 18:05,01F,1664,N,42,12
2024-04-29 18:05,01F,1664,N,5,7
2024-04-29 18:05,01F,1664,S,31,286
2024-04-29 18:05,01F,1664,S,32,75
2024-04-29 18:05,01F,1664,S,41,8
2024-04-29 18:05,01F,1664,S,42,9
2024-04-29 18:05,01F,1664,S,5,3
2024-04-29 18:05,01F,1699,N,31,305
2024-04-29 18:05,01F,1699,N,32,76
2024-04-29 18:05,01F,1699,N,41,6
2024-04-29 18:05,01F,1699,N,42,9
2024-04-29 18:05,01F,1699,N,5,4
2024-04-29 18:05,01F,1699,S,31,286
2024-04-29 18:05,01F,1699,S,32,71
2024-04-29 18:05,01F,1699,S,41,10
2024-04-29 18:05,01F,1699,S,42,12
2024-04-29 18:05,01F,1699,S,5,3
2024-04-29 18:05,01F,1774,N,31,298
2024-04-29 18:05,01F,1774,N,32,76
2024-04-29 18:05,01F,1774,N,41,3
2024-04-29 18:05,01F,1774,N,42,15
2024-04-29 18:05,01F,1774,N,5,5
2024-04-29 18:05,01F,1774,S,31,257
2024-04-29 18:05,01F,1774,S,32,58
2024-04-29 18:05,01F,1774,S,41,3
2024-04-29 18:05,01F,1774,S,42,8
2024-04-29 18:05,01F,1774,S,5,4
2024-04-29 18:05,01F,1802,N,31,270
2024-04-29 18:05,01F,1802,N,32,79
2024-04-29 18:05,01F,1802,N,41,3
2024-04-29 18:05,01F,1802,N,42,8
2024-04-29 18:05,01F,1802,N,5,5
2024-04-29 18:05,01F,1802,S,31,220
2024-04-29 18:05,01F,1802,S,32,53
2024-04-29 18:05,01F,1802,S,41,4
2024-04-29 18:05,01F,1802,S,42,9
2024-04-29 18:05,01F,1802,S,5,4
2024-04-29 18:05,01F,1839,N,31,256
2024-04-29 18:05,01F,1839,N,32,66
2024-04-29 18:05,01F,1839,N,41,4
2024-04-29 18:05,01F,1839,N,42,17
2024-04-29 18:05,01F,1839,N,5,8
2024-04-29 18:05,01F,1839,S,31,227
2024-04-29 18:05,01F,1839,S,32,48
2024-04-29 18:05,01F,1839,S,41,3
2024-04-29 18:05,01F,1839,S,42,8
2024-04-29 18:05,01F,1839,S,5,3
2024-04-29 18:05,01F,1906,N,31,245
2024-04-29 18:05,01F,1906,N,32,77
2024-04-29 18:05,01F,1906,N,41,3
2024-04-29 18:05,01F,1906,N,42,13
2024-04-29 18:05,01F,1906,N,5,14
2024-04-29 18:05,01F,1906,S,31,212
2024-04-29 18:05,01F,1906,S,32,68
2024-04-29 18:05,01F,1906,S,41,4
2024-04-29 18:05,01F,1906,S,42,10
2024-04-29 18:05,01F,1906,S,5,2
2024-04-29 18:05,01F,1960,N,31,276
2024-04-29 18:05,01F,1960,N,32,97
2024-04-29 18:05,01F,1960,N,41,5
2024-04-29 18:05,01F,1960,N,42,21
2024-04-29 18:05,01F,1960,N,5,21
2024-04-29 18:05,01F,1960,S,31,309
2024-04-29 18:05,01F,1960,S,32,86
2024-04-29 18:05,01F,1960,S,41,8
2024-04-29 18:05,01F,1960,S,42,10
2024-04-29 18:05,01F,1960,S,5,14
2024-04-29 18:05,01F,2011,N,31,263
2024-04-29 18:05,01F,2011,N,32,79
2024-04-29 18:05,01F,2011,N,41,2
2024-04-29 18:05,01F,2011,N,42,27
2024-04-29 18:05,01F,2011,N,5,24
2024-04-29 18:05,01F,2011,S,31,268
2024-04-29 18:05,01F,2011,S,32,85
2024-04-29 18:05,01F,2011,S,41,2
2024-04-29 18:05,01F,2011,S,42,19
2024-04-29 18:05,01F,2011,S,5,18
2024-04-29 18:05,01F,2089,N,31,203
2024-04-29 18:05,01F,2089,N,32,90
2024-04-29 18:05,01F,2089,N,41,3
2024-04-29 18:05,01F,2089,N,42,16
2024-04-29 18:05,01F,2089,N,5,19
2024-04-29 18:05,01F,2089,S,31,209
2024-04-29 18:05,01F,2089,S,32,81
2024-04-29 18:05,01F,2089,S,41,2
2024-04-29 18:05,01F,2089,S,42,16
2024-04-29 18:05,01F,2089,S,5,24
2024-04-29 18:05,01F,2156,N,31,228
2024-04-29 18:05,01F,2156,N,32,80
2024-04-29 18:05,01F,2156,N,41,3
2024-04-29 18:05,01F,2156,N,42,24
2024-04-29 18:05,01F,2156,N,5,9
2024-04-29 18:05,01F,2156,S,31,174
2024-04-29 18:05,01F,2156,S,32,58
2024-04-29 18:05,01F,2156,S,41,3
2024-04-29 18:05,01F,2156,S,42,14
2024-04-29 18:05,01F,2156,S,5,20
2024-04-29 18:05,01F,2249,N,31,137
2024-04-29 18:05,01F,2249,N,32,59
2024-04-29 18:05,01F,2249,N,41,3
2024-04-29 18:05,01F,2249,N,42,16
2024-04-29 18:05,01F,2249,N,5,16
2024-04-29 18:05,01F,2249,S,31,136
2024-04-29 18:05,01F,2249,S,32,46
2024-04-29 18:05,01F,2249,S,41,5
2024-04-29 18:05,01F,2249,S,42,22
2024-04-29 18:05,01F,2249,S,5,22
2024-04-29 18:05,01F,2322,N,31,158
2024-04-29 18:05,01F,2322,N,32,53
2024-04-29 18:05,01F,2322,N,41,3
2024-04-29 18:05,01F,2322,N,42,21
2024-04-29 18:05,01F,2322,N,5,16
2024-04-29 18:05,01F,2322,S,31,116
2024-04-29 18:05,01F,2322,S,32,31
2024-04-29 18:05,01F,2322,S,41,3
2024-04-29 18:05,01F,2322,S,42,14
2024-04-29 18:05,01F,2322,S,5,13
2024-04-29 18:05,01F,2394,N,31,130
2024-04-29 18:05,01F,2394,N,32,44
2024-04-29 18:05,01F,2394,N,41,6
2024-04-29 18:05,01F,2394,N,42,21
2024-04-29 18:05,01F,2394,N,5,18
2024-04-29 18:05,01F,2394,S,31,112
2024-04-29 18:05,01F,2394,S,32,38
2024-04-29 18:05,01F,2394,S,41,4
2024-04-29 18:05,01F,2394,S,42,18
2024-04-29 18:05,01F,2394,S,5,22
2024-04-29 18:05,01F,2425,N,31,127
2024-04-29 18:05,01F,2425,N,32,50
2024-04-29 18:05,01F,2425,N,41,6
2024-04-29 18:05,01F,2425,N,42,20
2024-04-29 18:05,01F,2425,N,5,17
2024-04-29 18:05,01F,2425,S,31,123
2024-04-29 18:05,01F,2425,S,32,49
2024-04-29 18:05,01F,2425,S,41,4
2024-04-29 18:05,01F,2425,S,42,22
2024-04-29 18:05,01F,2425,S,5,19
2024-04-29 18:05,01F,2472,N,31,139
2024-04-29 18:05,01F,2472,N,32,55
2024-04-29 18:05,01F,2472,N,41,2
2024-04-29 18:05,01F,2472,N,42,11
2024-04-29 18:05,01F,2472,N,5,19
2024-04-29 18:05,01F,2472,S,31,140
2024-04-29 18:05,01F,2472,S,32,53
2024-04-29 18:05,01F,2472,S,41,6
2024-04-29 18:05,01F,2472,S,42,23
2024-04-29 18:05,01F,2472,S,5,16
2024-04-29 18:05,01F,2514,N,31,144
2024-04-29 18:05,01F,2514,N,32,58
2024-04-29 18:05,01F,2514,N,41,2
2024-04-29 18:05,01F,2514,N,42,16
2024-04-29 18:05,01F,2514,N,5,15
2024-04-29 18:05,01F,2514,S,31,129
2024-04-29 18:05,01F,2514,S,32,46
2024-04-29 18:05,01F,2514,S,41,3
2024-04-29 18:05,01F,2514,S,42,11
2024-04-29 18:05,01F,2514,S,5,15
2024-04-29 18:05,01F,2603,N,31,152
2024-04-29 18:05,01F,2603,N,32,62
2024-04-29 18:05,01F,2603,N,41,5
2024-04-29 18:05,01F,2603,N,42,18
2024-04-29 18:05,01F,2603,N,5,14
2024-04-29 18:05,01F,2603,S,31,126
2024-04-29 18:05,01F,2603,S,32,51
2024-04-29 18:05,01F,2603,S,41,5
2024-04-29 18:05,01F,2603,S,42,15
2024-04-29 18:05,01F,2603,S,5,14
2024-04-29 18:05,01F,2674,N,31,105
2024-04-29 18:05,01F,2674,N,32,45
2024-04-29 18:05,01F,2674,N,41,0
2024-04-29 18:05,01F,2674,N,42,24
2024-04-29 18:05,01F,2674,N,5,15
2024-04-29 18:05,01F,2674,S,31,105
2024-04-29 18:05,01F,2674,S,32,40
2024-04-29 18:05,01F,2674,S,41,9
2024-04-29 18:05,01F,2674,S,42,16
2024-04-29 18:05,01F,2674,S,5,22
2024-04-29 18:05,01F,2714,N,31,107
2024-04-29 18:05,01F,2714,N,32,55
2024-04-29 18:05,01F,2714,N,41,1
2024-04-29 18:05,01F,2714,N,42,19
2024-04-29 18:05,01F,2714,N,5,17
2024-04-29 18:05,01F,2714,S,31,98
2024-04-29 18:05,01F,2714,S,32,30
2024-04-29 18:05,01F,2714,S,41,7
2024-04-29 18:05,01F,2714,S,42,16
2024-04-29 18:05,01F,2714,S,5,23
2024-04-29 18:05,01F,2827,N,31,132
2024-04-29 18:05,01F,2827,N,32,61
2024-04-29 18:05,01F,2827,N,41,3
2024-04-29 18:05,01F,2827,N,42,18
2024-04-29 18:05,01F,2827,N,5,12
2024-04-29 18:05,01F,2827,S,31,117
2024-04-29 18:05,01F,2827,S,32,35
2024-04-29 18:05,01F,2827,S,41,2
2024-04-29 18:05,01F,2827,S,42,7
2024-04-29 18:05,01F,2827,S,5,15
2024-04-29 18:05,01F,2866,N,31,127
2024-04-29 18:05,01F,2866,N,32,43
2024-04-29 18:05,01F,2866,N,41,3
2024-04-29 18:05,01F,2866,N,42,15
2024-04-29 18:05,01F,2866,N,5,11
2024-04-29 18:05,01F,2866,S,31,115
2024-04-29 18:05,01F,2866,S,32,38
2024-04-29 18:05,01F,2866,S,41,1
2024-04-29 18:05,01F,2866,S,42,15
2024-04-29 18:05,01F,2866,S,5,22
2024-04-29 18:05,01F,2930,N,31,161
2024-04-29 18:05,01F,2930,N,32,47
2024-04-29 18:05,01F,2930,N,41,1
2024-04-29 18:05,01F,2930,N,42,11
2024-04-29 18:05,01F,2930,N,5,10
2024-04-29 18:05,01F,2930,S,31,144
2024-04-29 18:05,01F,2930,S,32,45
2024-04-29 18:05,01F,2930,S,41,2
2024-04-29 18:05,01F,2930,S,42,14
2024-04-29 18:05,01F,2930,S,5,13
2024-04-29 18:05,01F,3019,N,31,155
2024-04-29 18:05,01F,3019,N,32,64
2024-04-29 18:05,01F,3019,N,41,5
2024-04-29 18:05,01F,3019,N,42,12
2024-04-29 18:05,01F,3019,N,5,18
2024-04-29 18:05,01F,3019,S,31,166
2024-04-29 18:05,01F,3019,S,32,61
2024-04-29 18:05,01F,3019,S,41,3
2024-04-29 18:05,01F,3019,S,42,15
2024-04-29 18:05,01F,3019,S,5,22
2024-04-29 18:05,01F,3083,N,31,196
2024-04-29 18:05,01F,3083,N,32,60
2024-04-29 18:05,01F,3083,N,41,6
2024-04-29 18:05,01F,3083,N,42,12
2024-04-29 18:05,01F,3083,N,5,24
2024-04-29 18:05,01F,3083,S,31,149
2024-04-29 18:05,01F,3083,S,32,65
2024-04-29 18:05,01F,3083,S,41,5
2024-04-29 18:05,01F,3083,S,42,24
2024-04-29 18:05,01F,3083,S,5,20
2024-04-29 18:05,01F,3126,N,31,195
2024-04-29 18:05,01F,3126,N,32,62
2024-04-29 18:05,01F,3126,N,41,6
2024-04-29 18:05,01F,3126,N,42,11
2024-04-29 18:05,01F,3126,N,5,25
2024-04-29 18:05,01F,3126,S,31,221
2024-04-29 18:05,01F,3126,S,32,70
2024-04-29 18:05,01F,3126,S,41,4
2024-04-29 18:05,01F,3126,S,42,11
2024-04-29 18:05,01F,3126,S,5,24
2024-04-29 18:05,01F,3185,N,31,179
2024-04-29 18:05,01F,3185,N,32,62
2024-04-29 18:05,01F,3185,N,41,4
2024-04-29 18:05,01F,3185,N,42,8
2024-04-29 18:05,01F,3185,N,5,28
2024-04-29 18:05,01F,3185,S,31,345
2024-04-29 18:05,01F,3185,S,32,67
2024-04-29 18:05,01F,3185,S,41,4
2024-04-29 18:05,01F,3185,S,42,3
2024-04-29 18:05,01F,3185,S,5,17
2024-04-29 18:05,01F,3227,N,31,203
2024-04-29 18:05,01F,3227,N,32,64
2024-04-29 18:05,01F,3227,N,41,3
2024-04-29 18:05,01F,3227,N,42,14
2024-04-29 18:05,01F,3227,N,5,32
2024-04-29 18:05,01F,3227,S,31,353
2024-04-29 18:05,01F,3227,S,32,96
2024-04-29 18:05,01F,3227,S,41,3
2024-04-29 18:05,01F,3227,S,42,12
2024-04-29 18:05,01F,3227,S,5,17
2024-04-29 18:05,01F,3252,N,31,175
2024-04-29 18:05,01F,3252,N,32,57
2024-04-29 18:05,01F,3252,N,41,5
2024-04-29 18:05,01F,3252,N,42,15
2024-04-29 18:05,01F,3252,N,5,36
2024-04-29 18:05,01F,3252,S,31,250
2024-04-29 18:05,01F,3252,S,32,66
2024-04-29 18:05,01F,3252,S,41,1
2024-04-29 18:05,01F,3252,S,42,13
2024-04-29 18:05,01F,3252,S,5,20
2024-04-29 18:05,01F,3286,N,31,293
2024-04-29 18:05,01F,3286,N,32,86
2024-04-29 18:05,01F,3286,N,41,6
2024-04-29 18:05,01F,3286,N,42,12
2024-04-29 18:05,01F,3286,N,5,32
2024-04-29 18:05,01F,3286,S,31,230
2024-04-29 18:05,01F,3286,S,32,62
2024-04-29 18:05,01F,3286,S,41,4
2024-04-29 18:05,01F,3286,S,42,11
2024-04-29 18:05,01F,3286,S,5,17
2024-04-29 18:05,01F,3366,N,31,262
2024-04-29 18:05,01F,3366,N,32,76
2024-04-29 18:05,01F,3366,N,41,5
2024-04-29 18:05,01F,3366,N,42,10
2024-04-29 18:05,01F,3366,N,5,13
2024-04-29 18:05,01F,3366,S,31,218
2024-04-29 18:05,01F,3366,S,32,80
2024-04-29 18:05,01F,3366,S,41,4
2024-04-29 18:05,01F,3366,S,42,12
2024-04-29 18:05,01F,3366,S,5,24
2024-04-29 18:05,01F,3398,N,31,246
2024-04-29 18:05,01F,3398,N,32,86
2024-04-29 18:05,01F,3398,N,41,6
2024-04-29 18:05,01F,3398,N,42,12
2024-04-29 18:05,01F,3398,N,5,21
2024-04-29 18:05,01F,3398,S,31,195
2024-04-29 18:05,01F,3398,S,32,76
2024-04-29 18:05,01F,3398,S,41,4
2024-04-29 18:05,01F,3398,S,42,11
2024-04-29 18:05,01F,3398,S,5,26
2024-04-29 18:05,01F,3460,N,31,208
2024-04-29 18:05,01F,3460,N,32,61
2024-04-29 18:05,01F,3460,N,41,3
2024-04-29 18:05,01F,3460,N,42,14
2024-04-29 18:05,01F,3460,N,5,25
2024-04-29 18:05,01F,3460,S,31,261
2024-04-29 18:05,01F,3460,S,32,98
2024-04-29 18:05,01F,3460,S,41,4
2024-04-29 18:05,01F,3460,S,42,7
2024-04-29 18:05,01F,3460,S,5,28
2024-04-29 18:05,01F,3535,N,31,230
2024-04-29 18:05,01F,3535,N,32,93
2024-04-29 18:05,01F,3535,N,41,3
2024-04-29 18:05,01F,3535,N,42,15
2024-04-29 18:05,01F,3535,N,5,19
2024-04-29 18:05,01F,3535,S,31,317
2024-04-29 18:05,01F,3535,S,32,106
2024-04-29 18:05,01F,3535,S,41,5
2024-04-29 18:05,01F,3535,S,42,15
2024-04-29 18:05,01F,3535,S,5,22
2024-04-29 18:05,01F,3559,N,31,178
2024-04-29 18:05,01F,3559,N,32,65
2024-04-29 18:05,01F,3559,N,41,0
2024-04-29 18:05,01F,3559,N,42,5
2024-04-29 18:05,01F,3559,N,5,16
2024-04-29 18:05,01F,3561,S,31,276
2024-04-29 18:05,01F,3561,S,32,73
2024-04-29 18:05,01F,3561,S,41,3
2024-04-29 18:05,01F,3561,S,42,6
2024-04-29 18:05,01F,3561,S,5,18
2024-04-29 18:05,01F,3590,N,31,289
2024-04-29 18:05,01F,3590,N,32,86
2024-04-29 18:05,01F,3590,N,41,2
2024-04-29 18:05,01F,3590,N,42,10
2024-04-29 18:05,01F,3590,N,5,24
2024-04-29 18:05,01F,3590,S,31,391
2024-04-29 18:05,01F,3590,S,32,109
2024-04-29 18:05,01F,3590,S,41,9
2024-04-29 18:05,01F,3590,S,42,11
2024-04-29 18:05,01F,3590,S,5,23
2024-04-29 18:05,01F,3640,N,31,322
2024-04-29 18:05,01F,3640,N,32,112
2024-04-29 18:05,01F,3640,N,41,2
2024-04-29 18:05,01F,3640,N,42,4
2024-04-29 18:05,01F,3640,N,5,41
2024-04-29 18:05,01F,3640,S,31,496
2024-04-29 18:05,01F,3640,S,32,145
2024-04-29 18:05,01F,3640,S,41,6
2024-04-29 18:05,01F,3640,S,42,14
2024-04-29 18:05,01F,3640,S,5,35
2024-04-29 18:05,01F,3676,N,31,209
2024-04-29 18:05,01F,3676,N,32,62
2024-04-29 18:05,01F,3676,N,41,3
2024-04-29 18:05,01F,3676,N,42,5
2024-04-29 18:05,01F,3676,N,5,34
2024-04-29 18:05,01F,3676,S,31,241
2024-04-29 18:05,01F,3676,S,32,78
2024-04-29 18:05,01F,3676,S,41,5
2024-04-29 18:05,01F,3676,S,42,3
2024-04-29 18:05,01F,3676,S,5,38
2024-04-29 18:05,01F,3686,S,31,314
2024-04-29 18:05,01F,3686,S,32,101
2024-04-29 18:05,01F,3686,S,41,6
2024-04-29 18:05,01F,3686,S,42,5
2024-04-29 18:05,01F,3686,S,5,41
2024-04-29 18:05,01F,3696,N,31,341
2024-04-29 18:05,01F,3696,N,32,79
2024-04-29 18:05,01F,3696,N,41,7
2024-04-29 18:05,01F,3696,N,42,9
2024-04-29 18:05,01F,3696,N,5,28
2024-04-29 18:05,01F,3736,N,31,40
2024-04-29 18:05,01F,3736,N,32,9
2024-04-29 18:05,01F,3736,N,41,0
2024-04-29 18:05,01F,3736,N,42,1
2024-04-29 18:05,01F,3736,N,5,8
2024-04-29 18:05,01F,3736,S,31,10
2024-04-29 18:05,01F,3736,S,32,4
2024-04-29 18:05,01F,3736,S,41,0
2024-04-29 18:05,01F,3736,S,42,0
2024-04-29 18:05,01F,3736,S,5,13
2024-04-29 18:05,,,S,31,119
2024-04-29 18:05,,,S,32,31
2024-04-29 18:05,,,S,41,1
2024-04-29 18:05,,,S,42,0
2024-04-29 18:05,,,S,5,0
2024-04-29 18:05,,,N,31,188
2024-04-29 18:05,,,N,32,54
2024-04-29 18:05,,,N,41,0
2024-04-29 18:05,,,N,42,0
2024-04-29 18:05,,,N,5,0
2024-04-29 18:05,,,N,31,140
2024-04-29 18:05,,,N,32,48
2024-04-29 18:05,,,N,41,2
2024-04-29 18:05,,,N,42,0
2024-04-29 18:05,,,N,5,0
2024-04-29 18:05,,,S,31,195
2024-04-29 18:05,,,S,32,53
2024-04-29 18:05,,,S,41,3
2024-04-29 18:05,,,S,42,1
2024-04-29 18:05,,,S,5,0
2024-04-29 18:05,,,N,31,178
2024-04-29 18:05,,,N,32,55
2024-04-29 18:05,,,N,41,4
2024-04-29 18:05,,,N,42,1
2024-04-29 18:05,,,N,5,0
2024-04-29 18:05,,,N,31,287
2024-04-29 18:05,,,N,32,94
2024-04-29 18:05,,,N,41,6
2024-04-29 18:05,,,N,42,0
2024-04-29 18:05,,,N,5,0
2024-04-29 18:05,,,S,31,289
2024-04-29 18:05,,,S,32,76
2024-04-29 18:05,,,S,41,7
2024-04-29 18:05,,,S,42,1
2024-04-29 18:05,,,S,5,0
2024-04-29 18:05,,,N,31,125
2024-04-29 18:05,,,N,32,30
2024-04-29 18:05,,,N,41,2
2024-04-29 18:05,,,N,42,0
2024-04-29 18:05,,,N,5,0
2024-04-29 18:05,,,S,31,74
2024-04-29 18:05,,,S,32,24
2024-04-29 18:05,,,S,41,0
2024-04-29 18:05,,,S,42,0
2024-04-29 18:05,,,S,5,0
2024-04-29 18:05,,,N,31,247
2024-04-29 18:05,,,N,32,58
2024-04-29 18:05,,,N,41,13
2024-04-29 18:05,,,N,42,0
2024-04-29 18:05,,,N,5,0
2024-04-29 18:05,,,S,31,181
2024-04-29 18:05,,,S,32,44
2024-04-29 18:05,,,S,41,5
2024-04-29 18:05,,,S,42,0
2024-04-29 18:05,,,S,5,0
2024-04-29 18:05,,,N,31,156
2024-04-29 18:05,,,N,32,43
2024-04-29 18:05,,,N,41,3
2024-04-29 18:05,,,N,42,0
2024-04-29 18:05,,,N,5,0
2024-04-29 18:05,,,S,31,173
2024-04-29 18:05,,,S,32,56
2024-04-29 18:05,,,S,41,6
2024-04-29 18:05,,,S,42,2
2024-04-29 18:05,,,S,5,0
2024-04-29 18:05,,,N,31,169
2024-04-29 18:05,,,N,32,53
2024-04-29 18:05,,,N,41,6
2024-04-29 18:05,,,N,42,0
2024-04-29 18:05,,,N,5,0
2024-04-29 18:05,,,S,31,148
2024-04-29 18:05,,,S,32,39
2024-04-29 18:05,,,S,41,6
2024-04-29 18:05,,,S,42,0
2024-04-29 18:05,,,S,5,0
2024-04-29 18:05,,,W,31,113
2024-04-29 18:05,,,W,32,20
2024-04-29 18:05,,,W,41,3
2024-04-29 18:05,,,W,42,1
2024-04-29 18:05,,,W,5,0
2024-04-29 18:05,,,E,31,127
2024-04-29 18:05,,,E,32,19
2024-04-29 18:05,,,E,41,6
2024-04-29 18:05,,,E,42,2
2024-04-29 18:05,,,E,5,0
2024-04-29 18:05,,,W,31,190
2024-04-29 18:05,,,W,32,31
2024-04-29 18:05,,,W,41,6
2024-04-29 18:05,,,W,42,2
2024-04-29 18:05,,,W,5,0
2024-04-29 18:05,,,E,31,146
2024-04-29 18:05,,,E,32,34
2024-04-29 18:05,,,E,41,9
2024-04-29 18:05,,,E,42,2
2024-04-29 18:05,,,E,5,0
2024-04-29 18:05,03F,0006,S,31,46
2024-04-29 18:05,03F,0006,S,32,9
2024-04-29 18:05,03F,0006,S,41,2
2024-04-29 18:05,03F,0006,S,42,3
2024-04-29 18:05,03F,0006,S,5,6
2024-04-29 18:05,03F,0021,N,31,149
2024-04-29 18:05,03F,0021,N,32,39
2024-04-29 18:05,03F,0021,N,41,1
2024-04-29 18:05,03F,0021,N,42,0
2024-04-29 18:05,03F,0021,N,5,3
2024-04-29 18:05,03F,0054,N,31,166
2024-04-29 18:05,03F,0054,N,32,43
2024-04-29 18:05,03F,0054,N,41,1
2024-04-29 18:05,03F,0054,N,42,0
2024-04-29 18:05,03F,0054,N,5,3
2024-04-29 18:05,03F,0087,S,31,47
2024-04-29 18:05,03F,0087,S,32,11
2024-04-29 18:05,03F,0087,S,41,0
2024-04-29 18:05,03F,0087,S,42,0
2024-04-29 18:05,03F,0087,S,5,5
2024-04-29 18:05,03F,0116,N,31,243
2024-04-29 18:05,03F,0116,N,32,49
2024-04-29 18:05,03F,0116,N,41,3
2024-04-29 18:05,03F,0116,N,42,3
2024-04-29 18:05,03F,0116,N,5,8
2024-04-29 18:05,03F,0116,S,31,145
2024-04-29 18:05,03F,0116,S,32,42
2024-04-29 18:05,03F,0116,S,41,2
2024-04-29 18:05,03F,0116,S,42,3
2024-04-29 18:05,03F,0116,S,5,4
2024-04-29 18:05,03F,0136,S,31,243
2024-04-29 18:05,03F,0136,S,32,48
2024-04-29 18:05,03F,0136,S,41,5
2024-04-29 18:05,03F,0136,S,42,3
2024-04-29 18:05,03F,0136,S,5,2
2024-04-29 18:05,03F,0140,N,31,248
2024-04-29 18:05,03F,0140,N,32,67
2024-04-29 18:05,03F,0140,N,41,5
2024-04-29 18:05,03F,0140,N,42,6
2024-04-29 18:05,03F,0140,N,5,3
2024-04-29 18:05,03F,0150,N,31,256
2024-04-29 18:05,03F,0150,N,32,84
2024-04-29 18:05,03F,0150,N,41,4
2024-04-29 18:05,03F,0150,N,42,8
2024-04-29 18:05,03F,0150,N,5,5
2024-04-29 18:05,03F,0158,S,31,336
2024-04-29 18:05,03F,0158,S,32,70
2024-04-29 18:05,03F,0158,S,41,8
2024-04-29 18:05,03F,0158,S,42,3
2024-04-29 18:05,03F,0158,S,5,4
2024-04-29 18:05,03F,0201,N,31,233
2024-04-29 18:05,03F,0201,N,32,63
2024-04-29 18:05,03F,0201,N,41,9
2024-04-29 18:05,03F,0201,N,42,6
2024-04-29 18:05,03F,0201,N,5,4
2024-04-29 18:05,03F,0201,S,31,307
2024-04-29 18:05,03F,0201,S,32,85
2024-04-29 18:05,03F,0201,S,41,7
2024-04-29 18:05,03F,0201,S,42,3
2024-04-29 18:05,03F,0201,S,5,2
2024-04-29 18:05,03F,0217,N,31,218
2024-04-29 18:05,03F,0217,N,32,49
2024-04-29 18:05,03F,0217,N,41,6
2024-04-29 18:05,03F,0217,N,42,5
2024-04-29 18:05,03F,0217,N,5,4
2024-04-29 18:05,03F,0217,S,31,264
2024-04-29 18:05,03F,0217,S,32,70
2024-04-29 18:05,03F,0217,S,41,4
2024-04-29 18:05,03F,0217,S,42,3
2024-04-29 18:05,03F,0217,S,5,3
2024-04-29 18:05,03F,0301,N,31,186
2024-04-29 18:05,03F,0301,N,32,52
2024-04-29 18:05,03F,0301,N,41,5
2024-04-29 18:05,03F,0301,N,42,6
2024-04-29 18:05,03F,0301,N,5,3
2024-04-29 18:05,03F,0301,S,31,222
2024-04-29 18:05,03F,0301,S,32,87
2024-04-29 18:05,03F,0301,S,41,5
2024-04-29 18:05,03F,0301,S,42,4
2024-04-29 18:05,03F,0301,S,5,1
2024-04-29 18:05,03F,0337,S,31,282
2024-04-29 18:05,03F,0337,S,32,99
2024-04-29 18:05,03F,0337,S,41,2
2024-04-29 18:05,03F,0337,S,42,4
2024-04-29 18:05,03F,0337,S,5,0
2024-04-29 18:05,03F,0338,N,31,292
2024-04-29 18:05,03F,0338,N,32,79
2024-04-29 18:05,03F,0338,N,41,3
2024-04-29 18:05,03F,0338,N,42,6
2024-04-29 18:05,03F,0338,N,5,2
2024-04-29 18:05,03F,0394,N,31,383
2024-04-29 18:05,03F,0394,N,32,89
2024-04-29 18:05,03F,0394,N,41,11
2024-04-29 18:05,03F,0394,N,42,2
2024-04-29 18:05,03F,0394,N,5,3
2024-04-29 18:05,03F,0394,S,31,311
2024-04-29 18:05,03F,0394,S,32,119
2024-04-29 18:05,03F,0394,S,41,10
2024-04-29 18:05,03F,0394,S,42,9
2024-04-29 18:05,03F,0394,S,5,3
2024-04-29 18:05,03F,0447,N,31,460
2024-04-29 18:05,03F,0447,N,32,126
2024-04-29 18:05,03F,0447,N,41,22
2024-04-29 18:05,03F,0447,N,42,9
2024-04-29 18:05,03F,0447,N,5,6
2024-04-29 18:05,03F,0447,S,31,413
2024-04-29 18:05,03F,0447,S,32,123
2024-04-29 18:05,03F,0447,S,41,12
2024-04-29 18:05,03F,0447,S,42,10
2024-04-29 18:05,03F,0447,S,5,2
2024-04-29 18:05,03F,0498,N,31,375
2024-04-29 18:05,03F,0498,N,32,118
2024-04-29 18:05,03F,0498,N,41,8
2024-04-29 18:05,03F,0498,N,42,4
2024-04-29 18:05,03F,0498,N,5,5
2024-04-29 18:05,03F,0498,S,31,336
2024-04-29 18:05,03F,0498,S,32,99
2024-04-29 18:05,03F,0498,S,41,5
2024-04-29 18:05,03F,0498,S,42,14
2024-04-29 18:05,03F,0498,S,5,4
2024-04-29 18:05,03F,0525,N,31,426
2024-04-29 18:05,03F,0525,N,32,139
2024-04-29 18:05,03F,0525,N,41,7
2024-04-29 18:05,03F,0525,N,42,12
2024-04-29 18:05,03F,0525,N,5,4
2024-04-29 18:05,03F,0525,S,31,328
2024-04-29 18:05,03F,0525,S,32,94
2024-04-29 18:05,03F,0525,S,41,6
2024-04-29 18:05,03F,0525,S,42,12
2024-04-29 18:05,03F,0525,S,5,9
2024-04-29 18:05,03F,0559,N,31,426
2024-04-29 18:05,03F,0559,N,32,109
2024-04-29 18:05,03F,0559,N,41,8
2024-04-29 18:05,03F,0559,N,42,9
2024-04-29 18:05,03F,0559,N,5,6
2024-04-29 18:05,03F,0559,S,31,268
2024-04-29 18:05,03F,0559,S,32,69
2024-04-29 18:05,03F,0559,S,41,7
2024-04-29 18:05,03F,0559,S,42,11
2024-04-29 18:05,03F,0559,S,5,10
2024-04-29 18:05,03F,0648,N,31,272
2024-04-29 18:05,03F,0648,N,32,89
2024-04-29 18:05,03F,0648,N,41,5
2024-04-29 18:05,03F,0648,N,42,9
2024-04-29 18:05,03F,0648,N,5,5
2024-04-29 18:05,03F,0648,S,31,177
2024-04-29 18:05,03F,0648,S,32,45
2024-04-29 18:05,03F,0648,S,41,2
2024-04-29 18:05,03F,0648,S,42,9
2024-04-29 18:05,03F,0648,S,5,10
2024-04-29 18:05,03F,0698,N,31,271
2024-04-29 18:05,03F,0698,N,32,76
2024-04-29 18:05,03F,0698,N,41,3
2024-04-29 18:05,03F,0698,N,42,11
2024-04-29 18:05,03F,0698,N,5,7
2024-04-29 18:05,03F,0698,S,31,120
2024-04-29 18:05,03F,0698,S,32,33
2024-04-29 18:05,03F,0698,S,41,4
2024-04-29 18:05,03F,0698,S,42,11
2024-04-29 18:05,03F,0698,S,5,9
2024-04-29 18:05,03F,0746,N,31,250
2024-04-29 18:05,03F,0746,N,32,69
2024-04-29 18:05,03F,0746,N,41,6
2024-04-29 18:05,03F,0746,N,42,10
2024-04-29 18:05,03F,0746,N,5,5
2024-04-29 18:05,03F,0746,S,31,117
2024-04-29 18:05,03F,0746,S,32,36
2024-04-29 18:05,03F,0746,S,41,2
2024-04-29 18:05,03F,0746,S,42,6
2024-04-29 18:05,03F,0746,S,5,6
2024-04-29 18:05,03F,0783,N,31,258
2024-04-29 18:05,03F,0783,N,32,74
2024-04-29 18:05,03F,0783,N,41,7
2024-04-29 18:05,03F,0783,N,42,5
2024-04-29 18:05,03F,0783,N,5,5
2024-04-29 18:05,03F,0783,S,31,136
2024-04-29 18:05,03F,0783,S,32,37
2024-04-29 18:05,03F,0783,S,41,1
2024-04-29 18:05,03F,0783,S,42,8
2024-04-29 18:05,03F,0783,S,5,5
2024-04-29 18:05,03F,0846,N,31,216
2024-04-29 18:05,03F,0846,N,32,64
2024-04-29 18:05,03F,0846,N,41,6
2024-04-29 18:05,03F,0846,N,42,4
2024-04-29 18:05,03F,0846,N,5,5
2024-04-29 18:05,03F,0846,S,31,126
2024-04-29 18:05,03F,0846,S,32,32
2024-04-29 18:05,03F,0846,S,41,0
2024-04-29 18:05,03F,0846,S,42,7
2024-04-29 18:05,03F,0846,S,5,6
2024-04-29 18:05,03F,0961,N,31,226
2024-04-29 18:05,03F,0961,N,32,56
2024-04-29 18:05,03F,0961,N,41,10
2024-04-29 18:05,03F,0961,N,42,12
2024-04-29 18:05,03F,0961,N,5,0
2024-04-29 18:05,03F,0961,S,31,111
2024-04-29 18:05,03F,0961,S,32,38
2024-04-29 18:05,03F,0961,S,41,3
2024-04-29 18:05,03F,0961,S,42,9
2024-04-29 18:05,03F,0961,S,5,4
2024-04-29 18:05,03F,0996,N,31,216
2024-04-29 18:05,03F,0996,N,32,48
2024-04-29 18:05,03F,0996,N,41,9
2024-04-29 18:05,03F,0996,N,42,13
2024-04-29 18:05,03F,0996,N,5,3
2024-04-29 18:05,03F,0996,S,31,235
2024-04-29 18:05,03F,0996,S,32,54
2024-04-29 18:05,03F,0996,S,41,2
2024-04-29 18:05,03F,0996,S,42,7
2024-04-29 18:05,03F,0996,S,5,7
2024-04-29 18:05,03F,1022,N,31,264
2024-04-29 18:05,03F,1022,N,32,68
2024-04-29 18:05,03F,1022,N,41,4
2024-04-29 18:05,03F,1022,N,42,10
2024-04-29 18:05,03F,1022,N,5,11
2024-04-29 18:05,03F,1022,S,31,285
2024-04-29 18:05,03F,1022,S,32,52
2024-04-29 18:05,03F,1022,S,41,4
2024-04-29 18:05,03F,1022,S,42,12
2024-04-29 18:05,03F,1022,S,5,7
2024-04-29 18:05,03F,1051,N,31,246
2024-04-29 18:05,03F,1051,N,32,59
2024-04-29 18:05,03F,1051,N,41,5
2024-04-29 18:05,03F,1051,N,42,3
2024-04-29 18:05,03F,1051,N,5,9
2024-04-29 18:05,03F,1051,S,31,202
2024-04-29 18:05,03F,1051,S,32,44
2024-04-29 18:05,03F,1051,S,41,1
2024-04-29 18:05,03F,1051,S,42,16
2024-04-29 18:05,03F,1051,S,5,7
2024-04-29 18:05,03F,1128,N,31,174
2024-04-29 18:05,03F,1128,N,32,46
2024-04-29 18:05,03F,1128,N,41,9
2024-04-29 18:05,03F,1128,N,42,12
2024-04-29 18:05,03F,1128,N,5,10
2024-04-29 18:05,03F,1128,S,31,181
2024-04-29 18:05,03F,1128,S,32,51
2024-04-29 18:05,03F,1128,S,41,0
2024-04-29 18:05,03F,1128,S,42,15
2024-04-29 18:05,03F,1128,S,5,20
2024-04-29 18:05,03F,1161,N,31,132
2024-04-29 18:05,03F,1161,N,32,36
2024-04-29 18:05,03F,1161,N,41,2
2024-04-29 18:05,03F,1161,N,42,14
2024-04-29 18:05,03F,1161,N,5,12
2024-04-29 18:05,03F,1161,S,31,130
2024-04-29 18:05,03F,1161,S,32,39
2024-04-29 18:05,03F,1161,S,41,1
2024-04-29 18:05,03F,1161,S,42,16
2024-04-29 18:05,03F,1161,S,5,22
2024-04-29 18:05,03F,1215,N,31,114
2024-04-29 18:05,03F,1215,N,32,35
2024-04-29 18:05,03F,1215,N,41,1
2024-04-29 18:05,03F,1215,N,42,9
2024-04-29 18:05,03F,1215,N,5,16
2024-04-29 18:05,03F,1215,S,31,77
2024-04-29 18:05,03F,1215,S,32,32
2024-04-29 18:05,03F,1215,S,41,2
2024-04-29 18:05,03F,1215,S,42,8
2024-04-29 18:05,03F,1215,S,5,14
2024-04-29 18:05,03F,1257,N,31,99
2024-04-29 18:05,03F,1257,N,32,40
2024-04-29 18:05,03F,1257,N,41,3
2024-04-29 18:05,03F,1257,N,42,9
2024-04-29 18:05,03F,1257,N,5,15
2024-04-29 18:05,03F,1257,S,31,86
2024-04-29 18:05,03F,1257,S,32,50
2024-04-29 18:05,03F,1257,S,41,0
2024-04-29 18:05,03F,1257,S,42,11
2024-04-29 18:05,03F,1257,S,5,17
2024-04-29 18:05,03F,1332,N,31,110
2024-04-29 18:05,03F,1332,N,32,39
2024-04-29 18:05,03F,1332,N,41,2
2024-04-29 18:05,03F,1332,N,42,5
2024-04-29 18:05,03F,1332,N,5,13
2024-04-29 18:05,03F,1332,S,31,83
2024-04-29 18:05,03F,1332,S,32,35
2024-04-29 18:05,03F,1332,S,41,5
2024-04-29 18:05,03F,1332,S,42,10
2024-04-29 18:05,03F,1332,S,5,18
2024-04-29 18:05,03F,1395,N,31,112
2024-04-29 18:05,03F,1395,N,32,42
2024-04-29 18:05,03F,1395,N,41,2
2024-04-29 18:05,03F,1395,N,42,10
2024-04-29 18:05,03F,1395,N,5,8
2024-04-29 18:05,03F,1395,S,31,78
2024-04-29 18:05,03F,1395,S,32,40
2024-04-29 18:05,03F,1395,S,41,2
2024-04-29 18:05,03F,1395,S,42,10
2024-04-29 18:05,03F,1395,S,5,16
2024-04-29 18:05,03F,1485,N,31,91
2024-04-29 18:05,03F,1485,N,32,25
2024-04-29 18:05,03F,1485,N,41,2
2024-04-29 18:05,03F,1485,N,42,8
2024-04-29 18:05,03F,1485,N,5,11
2024-04-29 18:05,03F,1485,S,31,85
2024-04-29 18:05,03F,1485,S,32,44
2024-04-29 18:05,03F,1485,S,41,2
2024-04-29 18:05,03F,1485,S,42,7
2024-04-29 18:05,03F,1485,S,5,17
2024-04-29 18:05,03F,1633,N,31,124
2024-04-29 18:05,03F,1633,N,32,33
2024-04-29 18:05,03F,1633,N,41,8
2024-04-29 18:05,03F,1633,N,42,11
2024-04-29 18:05,03F,1633,N,5,9
2024-04-29 18:05,03F,1633,S,31,115
2024-04-29 18:05,03F,1633,S,32,47
2024-04-29 18:05,03F,1633,S,41,0
2024-04-29 18:05,03F,1633,S,42,17
2024-04-29 18:05,03F,1633,S,5,13
2024-04-29 18:05,03F,1651,N,31,171
2024-04-29 18:05,03F,1651,N,32,58
2024-04-29 18:05,03F,1651,N,41,8
2024-04-29 18:05,03F,1651,N,42,10
2024-04-29 18:05,03F,1651,N,5,12
2024-04-29 18:05,03F,1651,S,31,126
2024-04-29 18:05,03F,1651,S,32,50
2024-04-29 18:05,03F,1651,S,41,1
2024-04-29 18:05,03F,1651,S,42,17
2024-04-29 18:05,03F,1651,S,5,14
2024-04-29 18:05,03F,1710,N,31,149
2024-04-29 18:05,03F,1710,N,32,50
2024-04-29 18:05,03F,1710,N,41,2
2024-04-29 18:05,03F,1710,N,42,8
2024-04-29 18:05,03F,1710,N,5,9
2024-04-29 18:05,03F,1710,S,31,140
2024-04-29 18:05,03F,1710,S,32,50
2024-04-29 18:05,03F,1710,S,41,0
2024-04-29 18:05,03F,1710,S,42,16
2024-04-29 18:05,03F,1710,S,5,16
2024-04-29 18:05,03F,1739,N,31,150
2024-04-29 18:05,03F,1739,N,32,46
2024-04-29 18:05,03F,1739,N,41,2
2024-04-29 18:05,03F,1739,N,42,7
2024-04-29 18:05,03F,1739,N,5,11
2024-04-29 18:05,03F,1739,S,31,145
2024-04-29 18:05,03F,1739,S,32,53
2024-04-29 18:05,03F,1739,S,41,1
2024-04-29 18:05,03F,1739,S,42,10
2024-04-29 18:05,03F,1739,S,5,17
2024-04-29 18:05,03F,1779,N,31,168
2024-04-29 18:05,03F,1779,N,32,38
2024-04-29 18:05,03F,1779,N,41,1
2024-04-29 18:05,03F,1779,N,42,7
2024-04-29 18:05,03F,1779,N,5,9
2024-04-29 18:05,03F,1779,S,31,120
2024-04-29 18:05,03F,1779,S,32,48
2024-04-29 18:05,03F,1779,S,41,2
2024-04-29 18:05,03F,1779,S,42,13
2024-04-29 18:05,03F,1779,S,5,13
2024-04-29 18:05,03F,1860,N,31,136
2024-04-29 18:05,03F,1860,N,32,34
2024-04-29 18:05,03F,1860,N,41,0
2024-04-29 18:05,03F,1860,N,42,10
2024-04-29 18:05,03F,1860,N,5,12
2024-04-29 18:05,03F,1860,S,31,137
2024-04-29 18:05,03F,1860,S,32,60
2024-04-29 18:05,03F,1860,S,41,0
2024-04-29 18:05,03F,1860,S,42,17
2024-04-29 18:05,03F,1860,S,5,15
2024-04-29 18:05,03F,1941,N,31,165
2024-04-29 18:05,03F,1941,N,32,58
2024-04-29 18:05,03F,1941,N,41,2
2024-04-29 18:05,03F,1941,N,42,13
2024-04-29 18:05,03F,1941,N,5,14
2024-04-29 18:05,03F,1944,S,31,224
2024-04-29 18:05,03F,1944,S,32,69
2024-04-29 18:05,03F,1944,S,41,5
2024-04-29 18:05,03F,1944,S,42,17
2024-04-29 18:05,03F,1944,S,5,23
2024-04-29 18:05,03F,1991,S,31,181
2024-04-29 18:05,03F,1991,S,32,63
2024-04-29 18:05,03F,1991,S,41,1
2024-04-29 18:05,03F,1991,S,42,8
2024-04-29 18:05,03F,1991,S,5,2
2024-04-29 18:05,03F,1992,N,31,152
2024-04-29 18:05,03F,1992,N,32,59
2024-04-29 18:05,03F,1992,N,41,0
2024-04-29 18:05,03F,1992,N,42,10
2024-04-29 18:05,03F,1992,N,5,7
2024-04-29 18:05,03F,2066,N,31,177
2024-04-29 18:05,03F,2066,N,32,63
2024-04-29 18:05,03F,2066,N,41,1
2024-04-29 18:05,03F,2066,N,42,9
2024-04-29 18:05,03F,2066,N,5,4
2024-04-29 18:05,03F,2066,S,31,246
2024-04-29 18:05,03F,2066,S,32,93
2024-04-29 18:05,03F,2066,S,41,3
2024-04-29 18:05,03F,2066,S,42,12
2024-04-29 18:05,03F,2066,S,5,6
2024-04-29 18:05,03F,2078,N,31,197
2024-04-29 18:05,03F,2078,N,32,71
2024-04-29 18:05,03F,2078,N,41,2
2024-04-29 18:05,03F,2078,N,42,12
2024-04-29 18:05,03F,2078,N,5,4
2024-04-29 18:05,03F,2079,S,31,262
2024-04-29 18:05,03F,2079,S,32,87
2024-04-29 18:05,03F,2079,S,41,3
2024-04-29 18:05,03F,2079,S,42,8
2024-04-29 18:05,03F,2079,S,5,4
2024-04-29 18:05,03F,2100,N,31,232
2024-04-29 18:05,03F,2100,N,32,83
2024-04-29 18:05,03F,2100,N,41,5
2024-04-29 18:05,03F,2100,N,42,11
2024-04-29 18:05,03F,2100,N,5,4
2024-04-29 18:05,03F,2100,S,31,241
2024-04-29 18:05,03F,2100,S,32,68
2024-04-29 18:05,03F,2100,S,41,2
2024-04-29 18:05,03F,2100,S,42,9
2024-04-29 18:05,03F,2100,S,5,2
2024-04-29 18:05,03F,2125,N,31,294
2024-04-29 18:05,03F,2125,N,32,97
2024-04-29 18:05,03F,2125,N,41,5
2024-04-29 18:05,03F,2125,N,42,8
2024-04-29 18:05,03F,2125,N,5,3
2024-04-29 18:05,03F,2129,S,31,255
2024-04-29 18:05,03F,2129,S,32,81
2024-04-29 18:05,03F,2129,S,41,1
2024-04-29 18:05,03F,2129,S,42,5
2024-04-29 18:05,03F,2129,S,5,1
2024-04-29 18:05,03F,2152,S,31,227
2024-04-29 18:05,03F,2152,S,32,66
2024-04-29 18:05,03F,2152,S,41,1
2024-04-29 18:05,03F,2152,S,42,6
2024-04-29 18:05,03F,2152,S,5,2
2024-04-29 18:05,03F,2153,N,31,240
2024-04-29 18:05,03F,2153,N,32,87
2024-04-29 18:05,03F,2153,N,41,1
2024-04-29 18:05,03F,2153,N,42,9
2024-04-29 18:05,03F,2153,N,5,2
2024-04-29 18:05,03F,2194,N,31,243
2024-04-29 18:05,03F,2194,N,32,86
2024-04-29 18:05,03F,2194,N,41,2
2024-04-29 18:05,03F,2194,N,42,12
2024-04-29 18:05,03F,2194,N,5,4
2024-04-29 18:05,03F,2194,S,31,203
2024-04-29 18:05,03F,2194,S,32,68
2024-04-29 18:05,03F,2194,S,41,2
2024-04-29 18:05,03F,2194,S,42,8
2024-04-29 18:05,03F,2194,S,5,5
2024-04-29 18:05,03F,2231,N,31,207
2024-04-29 18:05,03F,2231,N,32,81
2024-04-29 18:05,03F,2231,N,41,3
2024-04-29 18:05,03F,2231,N,42,9
2024-04-29 18:05,03F,2231,N,5,5
2024-04-29 18:05,03F,2235,S,31,157
2024-04-29 18:05,03F,2235,S,32,44
2024-04-29 18:05,03F,2235,S,41,3
2024-04-29 18:05,03F,2235,S,42,4
2024-04-29 18:05,03F,2235,S,5,6
2024-04-29 18:05,03F,2260,N,31,154
2024-04-29 18:05,03F,2260,N,32,57
2024-04-29 18:05,03F,2260,N,41,2
2024-04-29 18:05,03F,2260,N,42,7
2024-04-29 18:05,03F,2260,N,5,5
2024-04-29 18:05,03F,2261,S,31,171
2024-04-29 18:05,03F,2261,S,32,40
2024-04-29 18:05,03F,2261,S,41,2
2024-04-29 18:05,03F,2261,S,42,7
2024-04-29 18:05,03F,2261,S,5,4
2024-04-29 18:05,03F,2306,N,31,133
2024-04-29 18:05,03F,2306,N,32,57
2024-04-29 18:05,03F,2306,N,41,3
2024-04-29 18:05,03F,2306,N,42,7
2024-04-29 18:05,03F,2306,N,5,4
2024-04-29 18:05,03F,2306,S,31,115
2024-04-29 18:05,03F,2306,S,32,40
2024-04-29 18:05,03F,2306,S,41,1
2024-04-29 18:05,03F,2306,S,42,5
2024-04-29 18:05,03F,2306,S,5,4
2024-04-29 18:05,03F,2336,N,31,127
2024-04-29 18:05,03F,2336,N,32,56
2024-04-29 18:05,03F,2336,N,41,3
2024-04-29 18:05,03F,2336,N,42,6
2024-04-29 18:05,03F,2336,N,5,3
2024-04-29 18:05,03F,2336,S,31,121
2024-04-29 18:05,03F,2336,S,32,43
2024-04-29 18:05,03F,2336,S,41,1
2024-04-29 18:05,03F,2336,S,42,4
2024-04-29 18:05,03F,2336,S,5,0
2024-04-29 18:05,03F,2415,N,31,95
2024-04-29 18:05,03F,2415,N,32,46
2024-04-29 18:05,03F,2415,N,41,1
2024-04-29 18:05,03F,2415,N,42,4
2024-04-29 18:05,03F,2415,N,5,3
2024-04-29 18:05,03F,2415,S,31,73
2024-04-29 18:05,03F,2415,S,32,25
2024-04-29 18:05,03F,2415,S,41,1
2024-04-29 18:05,03F,2415,S,42,4
2024-04-29 18:05,03F,2415,S,5,2
2024-04-29 18:05,03F,2447,N,31,61
2024-04-29 18:05,03F,2447,N,32,29
2024-04-29 18:05,03F,2447,N,41,1
2024-04-29 18:05,03F,2447,N,42,0
2024-04-29 18:05,03F,2447,N,5,2
2024-04-29 18:05,03F,2447,S,31,57
2024-04-29 18:05,03F,2447,S,32,25
2024-04-29 18:05,03F,2447,S,41,0
2024-04-29 18:05,03F,2447,S,42,2
2024-04-29 18:05,03F,2447,S,5,1
2024-04-29 18:05,03F,2535,N,31,78
2024-04-29 18:05,03F,2535,N,32,19
2024-04-29 18:05,03F,2535,N,41,2
2024-04-29 18:05,03F,2535,N,42,6
2024-04-29 18:05,03F,2535,N,5,7
2024-04-29 18:05,03F,2535,S,31,51
2024-04-29 18:05,03F,2535,S,32,28
2024-04-29 18:05,03F,2535,S,41,0
2024-04-29 18:05,03F,2535,S,42,5
2024-04-29 18:05,03F,2535,S,5,1
2024-04-29 18:05,03F,2614,N,31,88
2024-04-29 18:05,03F,2614,N,32,27
2024-04-29 18:05,03F,2614,N,41,0
2024-04-29 18:05,03F,2614,N,42,6
2024-04-29 18:05,03F,2614,N,5,2
2024-04-29 18:05,03F,2614,S,31,53
2024-04-29 18:05,03F,2614,S,32,26
2024-04-29 18:05,03F,2614,S,41,2
2024-04-29 18:05,03F,2614,S,42,3
2024-04-29 18:05,03F,2614,S,5,4
2024-04-29 18:05,03F,2709,N,31,65
2024-04-29 18:05,03F,2709,N,32,28
2024-04-29 18:05,03F,2709,N,41,1
2024-04-29 18:05,03F,2709,N,42,7
2024-04-29 18:05,03F,2709,N,5,0
2024-04-29 18:05,03F,2709,S,31,44
2024-04-29 18:05,03F,2709,S,32,24
2024-04-29 18:05,03F,2709,S,41,0
2024-04-29 18:05,03F,2709,S,42,4
2024-04-29 18:05,03F,2709,S,5,1
2024-04-29 18:05,03F,2747,N,31,65
2024-04-29 18:05,03F,2747,N,32,36
2024-04-29 18:05,03F,2747,N,41,2
2024-04-29 18:05,03F,2747,N,42,5
2024-04-29 18:05,03F,2747,N,5,1
2024-04-29 18:05,03F,2747,S,31,53
2024-04-29 18:05,03F,2747,S,32,24
2024-04-29 18:05,03F,2747,S,41,1
2024-04-29 18:05,03F,2747,S,42,4
2024-04-29 18:05,03F,2747,S,5,0
2024-04-29 18:05,03F,2777,N,31,63
2024-04-29 18:05,03F,2777,N,32,31
2024-04-29 18:05,03F,2777,N,41,2
2024-04-29 18:05,03F,2777,N,42,3
2024-04-29 18:05,03F,2777,N,5,1
2024-04-29 18:05,03F,2777,S,31,63
2024-04-29 18:05,03F,2777,S,32,21
2024-04-29 18:05,03F,2777,S,41,3
2024-04-29 18:05,03F,2777,S,42,5
2024-04-29 18:05,03F,2777,S,5,1
2024-04-29 18:05,03F,2840,N,31,56
2024-04-29 18:05,03F,2840,N,32,25
2024-04-29 18:05,03F,2840,N,41,1
2024-04-29 18:05,03F,2840,N,42,8
2024-04-29 18:05,03F,2840,N,5,1
2024-04-29 18:05,03F,2840,S,31,98
2024-04-29 18:05,03F,2840,S,32,28
2024-04-29 18:05,03F,2840,S,41,5
2024-04-29 18:05,03F,2840,S,42,6
2024-04-29 18:05,03F,2840,S,5,6
2024-04-29 18:05,03F,2899,N,31,39
2024-04-29 18:05,03F,2899,N,32,21
2024-04-29 18:05,03F,2899,N,41,0
2024-04-29 18:05,03F,2899,N,42,3
2024-04-29 18:05,03F,2899,N,5,1
2024-04-29 18:05,03F,2899,S,31,52
2024-04-29 18:05,03F,2899,S,32,16
2024-04-29 18:05,03F,2899,S,41,2
2024-04-29 18:05,03F,2899,S,42,7
2024-04-29 18:05,03F,2899,S,5,4
2024-04-29 18:05,03F,2923,N,31,68
2024-04-29 18:05,03F,2923,N,32,28
2024-04-29 18:05,03F,2923,N,41,1
2024-04-29 18:05,03F,2923,N,42,7
2024-04-29 18:05,03F,2923,N,5,4
2024-04-29 18:05,03F,2923,S,31,79
2024-04-29 18:05,03F,2923,S,32,31
2024-04-29 18:05,03F,2923,S,41,2
2024-04-29 18:05,03F,2923,S,42,4
2024-04-29 18:05,03F,2923,S,5,1
2024-04-29 18:05,03F,2985,N,31,90
2024-04-29 18:05,03F,2985,N,32,26
2024-04-29 18:05,03F,2985,N,41,0
2024-04-29 18:05,03F,2985,N,42,9
2024-04-29 18:05,03F,2985,N,5,1
2024-04-29 18:05,03F,2985,S,31,89
2024-04-29 18:05,03F,2985,S,32,27
2024-04-29 18:05,03F,2985,S,41,3
2024-04-29 18:05,03F,2985,S,42,4
2024-04-29 18:05,03F,2985,S,5,1
2024-04-29 18:05,03F,3101,N,31,44
2024-04-29 18:05,03F,3101,N,32,26
2024-04-29 18:05,03F,3101,N,41,0
2024-04-29 18:05,03F,3101,N,42,4
2024-04-29 18:05,03F,3101,N,5,3
2024-04-29 18:05,03F,3101,S,31,66
2024-04-29 18:05,03F,3101,S,32,24
2024-04-29 18:05,03F,3101,S,41,1
2024-04-29 18:05,03F,3101,S,42,5
2024-04-29 18:05,03F,3101,S,5,5
2024-04-29 18:05,03F,3187,N,31,58
2024-04-29 18:05,03F,3187,N,32,27
2024-04-29 18:05,03F,3187,N,41,3
2024-04-29 18:05,03F,3187,N,42,2
2024-04-29 18:05,03F,3187,N,5,2
2024-04-29 18:05,03F,3187,S,31,53
2024-04-29 18:05,03F,3187,S,32,21
2024-04-29 18:05,03F,3187,S,41,0
2024-04-29 18:05,03F,3187,S,42,5
2024-04-29 18:05,03F,3187,S,5,2
2024-04-29 18:05,03F,3211,N,31,60
2024-04-29 18:05,03F,3211,N,32,23
2024-04-29 18:05,03F,3211,N,41,1
2024-04-29 18:05,03F,3211,N,42,2
2024-04-29 18:05,03F,3211,N,5,1
2024-04-29 18:05,03F,3211,S,31,58
2024-04-29 18:05,03F,3211,S,32,21
2024-04-29 18:05,03F,3211,S,41,0
2024-04-29 18:05,03F,3211,S,42,5
2024-04-29 18:05,03F,3211,S,5,2
2024-04-29 18:05,03F,3259,N,31,53
2024-04-29 18:05,03F,3259,N,32,26
2024-04-29 18:05,03F,3259,N,41,0
2024-04-29 18:05,03F,3259,N,42,5
2024-04-29 18:05,03F,3259,N,5,4
2024-04-29 18:05,03F,3259,S,31,92
2024-04-29 18:05,03F,3259,S,32,31
2024-04-29 18:05,03F,3259,S,41,0
2024-04-29 18:05,03F,3259,S,42,3
2024-04-29 18:05,03F,3259,S,5,3
2024-04-29 18:05,03F,3307,N,31,86
2024-04-29 18:05,03F,3307,N,32,18
2024-04-29 18:05,03F,3307,N,41,1
2024-04-29 18:05,03F,3307,N,42,4
2024-04-29 18:05,03F,3307,N,5,4
2024-04-29 18:05,03F,3307,S,31,106
2024-04-29 18:05,03F,3307,S,32,28
2024-04-29 18:05,03F,3307,S,41,0
2024-04-29 18:05,03F,3307,S,42,6
2024-04-29 18:05,03F,3307,S,5,5
2024-04-29 18:05,03F,3392,N,31,93
2024-04-29 18:05,03F,3392,N,32,28
2024-04-29 18:05,03F,3392,N,41,0
2024-04-29 18:05,03F,3392,N,42,11
2024-04-29 18:05,03F,3392,N,5,1
2024-04-29 18:05,03F,3392,S,31,83
2024-04-29 18:05,03F,3392,S,32,25
2024-04-29 18:05,03F,3392,S,41,1
2024-04-29 18:05,03F,3392,S,42,8
2024-04-29 18:05,03F,3392,S,5,6
2024-04-29 18:05,03F,3445,N,31,81
2024-04-29 18:05,03F,3445,N,32,34
2024-04-29 18:05,03F,3445,N,41,0
2024-04-29 18:05,03F,3445,N,42,8
2024-04-29 18:05,03F,3445,N,5,7
2024-04-29 18:05,03F,3445,S,31,105
2024-04-29 18:05,03F,3445,S,32,25
2024-04-29 18:05,03F,3445,S,41,9
2024-04-29 18:05,03F,3445,S,42,6
2024-04-29 18:05,03F,3445,S,5,6
2024-04-29 18:05,03F,3496,N,31,85
2024-04-29 18:05,03F,3496,N,32,34
2024-04-29 18:05,03F,3496,N,41,0
2024-04-29 18:05,03F,3496,N,42,11
2024-04-29 18:05,03F,3496,N,5,10
2024-04-29 18:05,03F,3496,S,31,112
2024-04-29 18:05,03F,3496,S,32,33
2024-04-29 18:05,03F,3496,S,41,11
2024-04-29 18:05,03F,3496,S,42,6
2024-04-29 18:05,03F,3496,S,5,8
2024-04-29 18:05,03F,3588,N,31,72
2024-04-29 18:05,03F,3588,N,32,27
2024-04-29 18:05,03F,3588,N,41,0
2024-04-29 18:05,03F,3588,N,42,9
2024-04-29 18:05,03F,3588,N,5,8
2024-04-29 18:05,03F,3588,S,31,92
2024-04-29 18:05,03F,3588,S,32,27
2024-04-29 18:05,03F,3588,S,41,2
2024-04-29 18:05,03F,3588,S,42,14
2024-04-29 18:05,03F,3588,S,5,6
2024-04-29 18:05,03F,3670,N,31,68
2024-04-29 18:05,03F,3670,N,32,25
2024-04-29 18:05,03F,3670,N,41,0
2024-04-29 18:05,03F,3670,N,42,8
2024-04-29 18:05,03F,3670,N,5,3
2024-04-29 18:05,03F,3670,S,31,99
2024-04-29 18:05,03F,3670,S,32,39
2024-04-29 18:05,03F,3670,S,41,2
2024-04-29 18:05,03F,3670,S,42,12
2024-04-29 18:05,03F,3670,S,5,13
2024-04-29 18:05,03F,3743,N,31,102
2024-04-29 18:05,03F,3743,N,32,24
2024-04-29 18:05,03F,3743,N,41,1
2024-04-29 18:05,03F,3743,N,42,14
2024-04-29 18:05,03F,3743,N,5,6
2024-04-29 18:05,03F,3743,S,31,86
2024-04-29 18:05,03F,3743,S,32,42
2024-04-29 18:05,03F,3743,S,41,0
2024-04-29 18:05,03F,3743,S,42,15
2024-04-29 18:05,03F,3743,S,5,7
2024-04-29 18:05,03F,3854,N,31,101
2024-04-29 18:05,03F,3854,N,32,34
2024-04-29 18:05,03F,3854,N,41,1
2024-04-29 18:05,03F,3854,N,42,5
2024-04-29 18:05,03F,3854,N,5,7
2024-04-29 18:05,03F,3854,S,31,106
2024-04-29 18:05,03F,3854,S,32,42
2024-04-29 18:05,03F,3854,S,41,3
2024-04-29 18:05,03F,3854,S,42,6
2024-04-29 18:05,03F,3854,S,5,5
2024-04-29 18:05,03F,3916,N,31,74
2024-04-29 18:05,03F,3916,N,32,26
2024-04-29 18:05,03F,3916,N,41,0
2024-04-29 18:05,03F,3916,N,42,3
2024-04-29 18:05,03F,3916,N,5,2
2024-04-29 18:05,03F,3916,S,31,91
2024-04-29 18:05,03F,3916,S,32,40
2024-04-29 18:05,03F,3916,S,41,1
2024-04-29 18:05,03F,3916,S,42,8
2024-04-29 18:05,03F,3916,S,5,1
2024-04-29 18:05,03F,3981,S,31,65
2024-04-29 18:05,03F,3981,S,32,28
2024-04-29 18:05,03F,3981,S,41,1
2024-04-29 18:05,03F,3981,S,42,9
2024-04-29 18:05,03F,3981,S,5,7
2024-04-29 18:05,03F,3984,N,31,51
2024-04-29 18:05,03F,3984,N,32,26
2024-04-29 18:05,03F,3984,N,41,0
2024-04-29 18:05,03F,3984,N,42,15
2024-04-29 18:05,03F,3984,N,5,4
2024-04-29 18:05,03F,4018,S,31,67
2024-04-29 18:05,03F,4018,S,32,23
2024-04-29 18:05,03F,4018,S,41,0
2024-04-29 18:05,03F,4018,S,42,4
2024-04-29 18:05,03F,4018,S,5,7
2024-04-29 18:05,03F,4021,N,31,53
2024-04-29 18:05,03F,4021,N,32,24
2024-04-29 18:05,03F,4021,N,41,0
2024-04-29 18:05,03F,4021,N,42,9
2024-04-29 18:05,03F,4021,N,5,1
2024-04-29 18:05,03F,4142,N,31,89
2024-04-29 18:05,03F,4142,N,32,19
2024-04-29 18:05,03F,4142,N,41,0
2024-04-29 18:05,03F,4142,N,42,2
2024-04-29 18:05,03F,4142,N,5,1
2024-04-29 18:05,03F,4142,S,31,95
2024-04-29 18:05,03F,4142,S,32,34
2024-04-29 18:05,03F,4142,S,41,1
2024-04-29 18:05,03F,4142,S,42,5
2024-04-29 18:05,03F,4142,S,5,1
2024-04-29 18:05,03F,4168,N,31,97
2024-04-29 18:05,03F,4168,N,32,28
2024-04-29 18:05,03F,4168,N,41,0
2024-04-29 18:05,03F,4168,N,42,3
2024-04-29 18:05,03F,4168,N,5,2
2024-04-29 18:05,03F,4168,S,31,61
2024-04-29 18:05,03F,4168,S,32,25
2024-04-29 18:05,03F,4168,S,41,0
2024-04-29 18:05,03F,4168,S,42,4
2024-04-29 18:05,03F,4168,S,5,1
2024-04-29 18:05,03F,4232,N,31,62
2024-04-29 18:05,03F,4232,N,32,20
2024-04-29 18:05,03F,4232,N,41,2
2024-04-29 18:05,03F,4232,N,42,3
2024-04-29 18:05,03F,4232,N,5,3
2024-04-29 18:05,03F,4232,S,31,57
2024-04-29 18:05,03F,4232,S,32,26
2024-04-29 18:05,03F,4232,S,41,0
2024-04-29 18:05,03F,4232,S,42,1
2024-04-29 18:05,03F,4232,S,5,1
2024-04-29 18:05,03F,4259,N,31,22
2024-04-29 18:05,03F,4259,N,32,11
2024-04-29 18:05,03F,4259,N,41,2
2024-04-29 18:05,03F,4259,N,42,2
2024-04-29 18:05,03F,4259,N,5,1
2024-04-29 18:05,03F,4263,S,31,16
2024-04-29 18:05,03F,4263,S,32,5
2024-04-29 18:05,03F,4263,S,41,0
2024-04-29 18:05,03F,4263,S,42,1
2024-04-29 18:05,03F,4263,S,5,0
2024-04-29 18:05,05F,0000,S,31,101
2024-04-29 18:05,05F,0000,S,32,25
2024-04-29 18:05,05F,0000,S,41,7
2024-04-29 18:05,05F,0000,S,42,0
2024-04-29 18:05,05F,0000,S,5,0
2024-04-29 18:05,05F,0001,N,31,122
2024-04-29 18:05,05F,0001,N,32,41
2024-04-29 18:05,05F,0001,N,41,12
2024-04-29 18:05,05F,0001,N,42,0
2024-04-29 18:05,05F,0001,N,5,0
2024-04-29 18:05,05F,0055,N,31,122
2024-04-29 18:05,05F,0055,N,32,42
2024-04-29 18:05,05F,0055,N,41,13
2024-04-29 18:05,05F,0055,N,42,0
2024-04-29 18:05,05F,0055,N,5,0
2024-04-29 18:05,05F,0055,S,31,98
2024-04-29 18:05,05F,0055,S,32,31
2024-04-29 18:05,05F,0055,S,41,6
2024-04-29 18:05,05F,0055,S,42,0
2024-04-29 18:05,05F,0055,S,5,0
2024-04-29 18:05,05F,0287,N,31,83
2024-04-29 18:05,05F,0287,N,32,22
2024-04-29 18:05,05F,0287,N,41,5
2024-04-29 18:05,05F,0287,N,42,0
2024-04-29 18:05,05F,0287,N,5,0
2024-04-29 18:05,05F,0287,S,31,125
2024-04-29 18:05,05F,0287,S,32,41
2024-04-29 18:05,05F,0287,S,41,4
2024-04-29 18:05,05F,0287,S,42,0
2024-04-29 18:05,05F,0287,S,5,0
2024-04-29 18:05,05F,0309,N,31,72
2024-04-29 18:05,05F,0309,N,32,18
2024-04-29 18:05,05F,0309,N,41,4
2024-04-29 18:05,05F,0309,N,42,1
2024-04-29 18:05,05F,0309,N,5,3
2024-04-29 18:05,05F,0309,S,31,92
2024-04-29 18:05,05F,0309,S,32,31
2024-04-29 18:05,05F,0309,S,41,4
2024-04-29 18:05,05F,0309,S,42,1
2024-04-29 18:05,05F,0309,S,5,0
2024-04-29 18:05,05F,0438,N,31,62
2024-04-29 18:05,05F,0438,N,32,19
2024-04-29 18:05,05F,0438,N,41,4
2024-04-29 18:05,05F,0438,N,42,0
2024-04-29 18:05,05F,0438,N,5,1
2024-04-29 18:05,05F,0439,S,31,50
2024-04-29 18:05,05F,0439,S,32,22
2024-04-29 18:05,05F,0439,S,41,4
2024-04-29 18:05,05F,0439,S,42,0
2024-04-29 18:05,05F,0439,S,5,6
2024-04-29 18:05,05F,0494,S,31,22
2024-04-29 18:05,05F,0494,S,32,6
2024-04-29 18:05,05F,0494,S,41,0
2024-04-29 18:05,05F,0494,S,42,2
2024-04-29 18:05,05F,0494,S,5,7
2024-04-29 18:05,05F,0528,N,31,67
2024-04-29 18:05,05F,0528,N,32,12
2024-04-29 18:05,05F,0528,N,41,0
2024-04-29 18:05,05F,0528,N,42,2
2024-04-29 18:05,05F,0528,N,5,1
2024-04-29 18:05,,,S,31,18
2024-04-29 18:05,,,S,32,3
2024-04-29 18:05,,,S,41,1
2024-04-29 18:05,,,S,42,0
2024-04-29 18:05,,,S,5,0
2024-04-29 18:05,,,N,31,34
2024-04-29 18:05,,,N,32,3
2024-04-29 18:05,,,N,41,0
2024-04-29 18:05,,,N,42,0
2024-04-29 18:05,,,N,5,0
