TimeInterval,Time,WeekDay,HoliDay,GantryFrom,GantryTo,VehicleType,SpaceMeanSpeed,交通量
2024/05/02,00:00,4,0,01F0584N,01F0557N,31,100,50
2024/05/02,00:00,4,0,01F0633N,01F0584N,31,104,26
2024/05/02,00:00,4,0,01F0578S,01F0633S,31,100,35
2024/05/02,00:00,4,0,01F0633S,01F0664S,31,100,40
2024/05/02,00:00,4,0,01F0633N,01H0579N,31,97,8
2024/05/02,00:00,4,0,01F0578S,01H0610S,31,97,8
2024/05/02,00:05,4,0,01F0584N,01F0557N,31,99,50
2024/05/02,00:05,4,0,01F0633N,01F0584N,31,100,45
2024/05/02,00:05,4,0,01F0578S,01F0633S,31,97,35
2024/05/02,00:05,4,0,01F0633S,01F0664S,31,100,41
2024/05/02,00:05,4,0,01F0633N,01H0579N,31,104,8
2024/05/02,00:05,4,0,01F0578S,01H0610S,31,104,10
2024/05/02,00:10,4,0,01F0584N,01F0557N,31,104,49
2024/05/02,00:10,4,0,01F0633N,01F0584N,31,104,35
2024/05/02,00:10,4,0,01F0578S,01F0633S,31,100,39
2024/05/02,00:10,4,0,01F0633S,01F0664S,31,100,35
2024/05/02,00:10,4,0,01F0633N,01H0579N,31,100,9
2024/05/02,00:10,4,0,01F0578S,01H0610S,31,99,6
2024/05/02,00:15,4,0,01F0584N,01F0557N,31,97,36
2024/05/02,00:15,4,0,01F0633N,01F0584N,31,100,36
2024/05/02,00:15,4,0,01F0578S,01F0633S,31,97,32
2024/05/02,00:15,4,0,01F0633S,01F0664S,31,97,34
2024/05/02,00:15,4,0,01F0633N,01H0579N,31,99,8
2024/05/02,00:15,4,0,01F0578S,01H0610S,31,97,5
2024/05/02,00:20,4,0,01F0584N,01F0557N,31,100,48
2024/05/02,00:20,4,0,01F0633N,01F0584N,31,100,38
2024/05/02,00:20,4,0,01F0578S,01F0633S,31,100,30
2024/05/02,00:20,4,0,01F0633S,01F0664S,31,97,46
2024/05/02,00:20,4,0,01F0633N,01H0579N,31,100,3
2024/05/02,00:20,4,0,01F0578S,01H0610S,31,104,4
2024/05/02,00:25,4,0,01F0584N,01F0557N,31,97,40
2024/05/02,00:25,4,0,01F0633N,01F0584N,31,93,33
2024/05/02,00:25,4,0,01F0578S,01F0633S,31,104,31
2024/05/02,00:25,4,0,01F0633S,01F0664S,31,100,31
2024/05/02,00:25,4,0,01F0633N,01H0579N,31,102,6
2024/05/02,00:25,4,0,01F0578S,01H0610S,31,104,7
2024/05/02,00:30,4,0,01F0584N,01F0557N,31,97,46
2024/05/02,00:30,4,0,01F0633N,01F0584N,31,97,31
2024/05/02,00:30,4,0,01F0578S,01F0633S,31,97,34
2024/05/02,00:30,4,0,01F0633S,01F0664S,31,100,29
2024/05/02,00:30,4,0,01F0633N,01H0579N,31,100,9
2024/05/02,00:30,4,0,01F0578S,01H0610S,31,100,8
2024/05/02,00:35,4,0,01F0584N,01F0557N,31,97,37
2024/05/02,00:35,4,0,01F0633N,01F0584N,31,100,25
2024/05/02,00:35,4,0,01F0578S,01F0633S,31,97,28
2024/05/02,00:35,4,0,01F0633S,01F0664S,31,97,41
2024/05/02,00:35,4,0,01F0633N,01H0579N,31,108,7
2024/05/02,00:35,4,0,01F0578S,01H0610S,31,100,7
2024/05/02,00:40,4,0,01F0584N,01F0557N,31,97,35
2024/05/02,00:40,4,0,01F0633N,01F0584N,31,100,28
2024/05/02,00:40,4,0,01F0578S,01F0633S,31,100,23
2024/05/02,00:40,4,0,01F0633S,01F0664S,31,97,30
2024/05/02,00:40,4,0,01F0633N,01H0579N,31,97,3
2024/05/02,00:40,4,0,01F0578S,01H0610S,31,97,6
2024/05/02,00:45,4,0,01F0584N,01F0557N,31,100,36
2024/05/02,00:45,4,0,01F0633N,01F0584N,31,100,25
2024/05/02,00:45,4,0,01F0578S,01F0633S,31,100,25
2024/05/02,00:45,4,0,01F0633S,01F0664S,31,97,25
2024/05/02,00:45,4,0,01F0633N,01H0579N,31,100,4
2024/05/02,00:45,4,0,01F0578S,01H0610S,31,102,8
2024/05/02,00:50,4,0,01F0584N,01F0557N,31,100,29
2024/05/02,00:50,4,0,01F0633N,01F0584N,31,100,20
2024/05/02,00:50,4,0,01F0578S,01F0633S,31,100,27
2024/05/02,00:50,4,0,01F0633S,01F0664S,31,104,29
2024/05/02,00:50,4,0,01F0633N,01H0579N,31,95,6
2024/05/02,00:50,4,0,01F0578S,01H0610S,31,102,6
2024/05/02,00:55,4,0,01F0584N,01F0557N,31,97,27
2024/05/02,00:55,4,0,01F0633N,01F0584N,31,100,23
2024/05/02,00:55,4,0,01F0578S,01F0633S,31,100,24
2024/05/02,00:55,4,0,01F0633S,01F0664S,31,97,30
2024/05/02,00:55,4,0,01F0633N,01H0579N,31,97,5
2024/05/02,00:55,4,0,01F0578S,01H0610S,31,106,8
2024/05/02,01:00,4,0,01F0584N,01F0557N,31,104,34
2024/05/02,01:00,4,0,01F0633N,01F0584N,31,102,28
2024/05/02,01:00,4,0,01F0578S,01F0633S,31,95,18
2024/05/02,01:00,4,0,01F0633S,01F0664S,31,97,24
2024/05/02,01:00,4,0,01F0633N,01H0579N,31,100,10
2024/05/02,01:00,4,0,01F0578S,01H0610S,31,95,6
2024/05/02,01:05,4,0,01F0584N,01F0557N,31,97,32
2024/05/02,01:05,4,0,01F0633N,01F0584N,31,100,18
2024/05/02,01:05,4,0,01F0578S,01F0633S,31,97,29
2024/05/02,01:05,4,0,01F0633S,01F0664S,31,97,17
2024/05/02,01:05,4,0,01F0633N,01H0579N,31,93,3
2024/05/02,01:05,4,0,01F0578S,01H0610S,31,100,4
2024/05/02,01:10,4,0,01F0584N,01F0557N,31,97,23
2024/05/02,01:10,4,0,01F0633N,01F0584N,31,97,11
2024/05/02,01:10,4,0,01F0578S,01F0633S,31,104,9
2024/05/02,01:10,4,0,01F0633S,01F0664S,31,104,24
2024/05/02,01:10,4,0,01F0633N,01H0579N,31,100,6
2024/05/02,01:10,4,0,01F0578S,01H0610S,31,104,7
2024/05/02,01:15,4,0,01F0584N,01F0557N,31,100,27
2024/05/02,01:15,4,0,01F0633N,01F0584N,31,100,22
2024/05/02,01:15,4,0,01F0578S,01F0633S,31,108,21
2024/05/02,01:15,4,0,01F0633S,01F0664S,31,100,20
2024/05/02,01:15,4,0,01F0633N,01H0579N,31,93,2
2024/05/02,01:15,4,0,01F0578S,01H0610S,31,91,4
2024/05/02,01:20,4,0,01F0584N,01F0557N,31,100,31
2024/05/02,01:20,4,0,01F0633N,01F0584N,31,100,25
2024/05/02,01:20,4,0,01F0578S,01F0633S,31,95,16
2024/05/02,01:20,4,0,01F0633S,01F0664S,31,97,15
2024/05/02,01:20,4,0,01F0633N,01H0579N,31,102,4
2024/05/02,01:20,4,0,01F0578S,01H0610S,31,99,4
2024/05/02,01:25,4,0,01F0584N,01F0557N,31,97,29
2024/05/02,01:25,4,0,01F0633N,01F0584N,31,104,16
2024/05/02,01:25,4,0,01F0578S,01F0633S,31,97,21
2024/05/02,01:25,4,0,01F0633S,01F0664S,31,97,17
2024/05/02,01:25,4,0,01F0633N,01H0579N,31,100,2
2024/05/02,01:25,4,0,01F0578S,01H0610S,31,104,3
2024/05/02,01:30,4,0,01F0584N,01F0557N,31,104,19
2024/05/02,01:30,4,0,01F0633N,01F0584N,31,108,22
2024/05/02,01:30,4,0,01F0578S,01F0633S,31,99,10
2024/05/02,01:30,4,0,01F0633S,01F0664S,31,99,14
2024/05/02,01:30,4,0,01F0633N,01H0579N,31,95,4
2024/05/02,01:30,4,0,01F0578S,01H0610S,31,95,6
2024/05/02,01:35,4,0,01F0584N,01F0557N,31,99,26
2024/05/02,01:35,4,0,01F0633N,01F0584N,31,97,21
2024/05/02,01:35,4,0,01F0578S,01F0633S,31,104,18
2024/05/02,01:35,4,0,01F0633S,01F0664S,31,104,17
2024/05/02,01:35,4,0,01F0633N,01H0579N,31,88,2
2024/05/02,01:35,4,0,01F0578S,01H0610S,31,108,5
2024/05/02,01:40,4,0,01F0584N,01F0557N,31,97,27
2024/05/02,01:40,4,0,01F0633N,01F0584N,31,100,19
2024/05/02,01:40,4,0,01F0578S,01F0633S,31,93,21
2024/05/02,01:40,4,0,01F0633S,01F0664S,31,95,22
2024/05/02,01:40,4,0,01F0633N,01H0579N,31,104,2
2024/05/02,01:40,4,0,01F0578S,01H0610S,31,93,3
2024/05/02,01:45,4,0,01F0584N,01F0557N,31,97,23
2024/05/02,01:45,4,0,01F0633N,01F0584N,31,100,15
2024/05/02,01:45,4,0,01F0578S,01F0633S,31,100,9
2024/05/02,01:45,4,0,01F0633S,01F0664S,31,93,12
2024/05/02,01:45,4,0,01F0633N,01H0579N,31,91,2
2024/05/02,01:45,4,0,01F0578S,01H0610S,31,102,4
2024/05/02,01:50,4,0,01F0584N,01F0557N,31,93,26
2024/05/02,01:50,4,0,01F0633N,01F0584N,31,97,26
2024/05/02,01:50,4,0,01F0578S,01F0633S,31,97,15
2024/05/02,01:50,4,0,01F0633S,01F0664S,31,97,12
2024/05/02,01:50,4,0,01F0633N,01H0579N,31,86,3
2024/05/02,01:50,4,0,01F0578S,01H0610S,31,97,4
2024/05/02,01:55,4,0,01F0584N,01F0557N,31,100,22
2024/05/02,01:55,4,0,01F0633N,01F0584N,31,99,20
2024/05/02,01:55,4,0,01F0578S,01F0633S,31,95,18
2024/05/02,01:55,4,0,01F0633S,01F0664S,31,97,17
2024/05/02,01:55,4,0,01F0633N,01H0579N,31,86,3
2024/05/02,01:55,4,0,01F0578S,01H0610S,31,93,4
2024/05/02,02:00,4,0,01F0584N,01F0557N,31,97,18
2024/05/02,02:00,4,0,01F0633N,01F0584N,31,97,13
2024/05/02,02:00,4,0,01F0578S,01F0633S,31,97,11
2024/05/02,02:00,4,0,01F0633S,01F0664S,31,93,15
2024/05/02,02:00,4,0,01F0633N,01H0579N,31,97,3
2024/05/02,02:00,4,0,01F0578S,01H0610S,31,104,1
2024/05/02,02:05,4,0,01F0584N,01F0557N,31,97,18
2024/05/02,02:05,4,0,01F0633N,01F0584N,31,97,17
2024/05/02,02:05,4,0,01F0578S,01F0633S,31,97,25
2024/05/02,02:05,4,0,01F0633S,01F0664S,31,97,19
2024/05/02,02:05,4,0,01F0633N,01H0579N,31,90,3
2024/05/02,02:05,4,0,01F0578S,01H0610S,31,99,4
2024/05/02,02:10,4,0,01F0584N,01F0557N,31,99,12
2024/05/02,02:10,4,0,01F0633N,01F0584N,31,93,14
2024/05/02,02:10,4,0,01F0578S,01F0633S,31,100,11
2024/05/02,02:10,4,0,01F0633S,01F0664S,31,93,11
2024/05/02,02:10,4,0,01F0633N,01H0579N,31,0,0
2024/05/02,02:10,4,0,01F0578S,01H0610S,31,90,2
2024/05/02,02:15,4,0,01F0584N,01F0557N,31,97,23
2024/05/02,02:15,4,0,01F0633N,01F0584N,31,97,22
2024/05/02,02:15,4,0,01F0578S,01F0633S,31,97,19
2024/05/02,02:15,4,0,01F0633S,01F0664S,31,95,16
2024/05/02,02:15,4,0,01F0633N,01H0579N,31,100,5
2024/05/02,02:15,4,0,01F0578S,01H0610S,31,0,0
2024/05/02,02:20,4,0,01F0584N,01F0557N,31,97,24
2024/05/02,02:20,4,0,01F0633N,01F0584N,31,100,18
2024/05/02,02:20,4,0,01F0578S,01F0633S,31,99,14
2024/05/02,02:20,4,0,01F0633S,01F0664S,31,100,20
2024/05/02,02:20,4,0,01F0633N,01H0579N,31,52,2
2024/05/02,02:20,4,0,01F0578S,01H0610S,31,93,4
2024/05/02,02:25,4,0,01F0584N,01F0557N,31,100,20
2024/05/02,02:25,4,0,01F0633N,01F0584N,31,102,16
2024/05/02,02:25,4,0,01F0578S,01F0633S,31,93,14
2024/05/02,02:25,4,0,01F0633S,01F0664S,31,93,20
2024/05/02,02:25,4,0,01F0633N,01H0579N,31,104,5
2024/05/02,02:25,4,0,01F0578S,01H0610S,31,0,0
2024/05/02,02:30,4,0,01F0584N,01F0557N,31,93,13
2024/05/02,02:30,4,0,01F0633N,01F0584N,31,93,9
2024/05/02,02:30,4,0,01F0578S,01F0633S,31,95,10
2024/05/02,02:30,4,0,01F0633S,01F0664S,31,97,14
2024/05/02,02:30,4,0,01F0633N,01H0579N,31,104,1
2024/05/02,02:30,4,0,01F0578S,01H0610S,31,91,4
2024/05/02,02:35,4,0,01F0584N,01F0557N,31,99,22
2024/05/02,02:35,4,0,01F0633N,01F0584N,31,97,21
2024/05/02,02:35,4,0,01F0578S,01F0633S,31,97,11
2024/05/02,02:35,4,0,01F0633S,01F0664S,31,97,19
2024/05/02,02:35,4,0,01F0633N,01H0579N,31,0,0
2024/05/02,02:35,4,0,01F0578S,01H0610S,31,90,4
2024/05/02,02:40,4,0,01F0584N,01F0557N,31,97,22
2024/05/02,02:40,4,0,01F0633N,01F0584N,31,97,12
2024/05/02,02:40,4,0,01F0578S,01F0633S,31,100,15
2024/05/02,02:40,4,0,01F0633S,01F0664S,31,99,16
2024/05/02,02:40,4,0,01F0633N,01H0579N,31,93,3
2024/05/02,02:40,4,0,01F0578S,01H0610S,31,97,4
2024/05/02,02:45,4,0,01F0584N,01F0557N,31,104,14
2024/05/02,02:45,4,0,01F0633N,01F0584N,31,108,9
2024/05/02,02:45,4,0,01F0578S,01F0633S,31,95,12
2024/05/02,02:45,4,0,01F0633S,01F0664S,31,97,10
2024/05/02,02:45,4,0,01F0633N,01H0579N,31,97,1
2024/05/02,02:45,4,0,01F0578S,01H0610S,31,93,1
2024/05/02,02:50,4,0,01F0584N,01F0557N,31,90,19
2024/05/02,02:50,4,0,01F0633N,01F0584N,31,97,14
2024/05/02,02:50,4,0,01F0578S,01F0633S,31,100,7
2024/05/02,02:50,4,0,01F0633S,01F0664S,31,97,22
2024/05/02,02:50,4,0,01F0633N,01H0579N,31,81,6
2024/05/02,02:50,4,0,01F0578S,01H0610S,31,106,2
2024/05/02,02:55,4,0,01F0584N,01F0557N,31,93,14
2024/05/02,02:55,4,0,01F0633N,01F0584N,31,100,11
2024/05/02,02:55,4,0,01F0578S,01F0633S,31,93,9
2024/05/02,02:55,4,0,01F0633S,01F0664S,31,100,7
2024/05/02,02:55,4,0,01F0633N,01H0579N,31,0,0
2024/05/02,02:55,4,0,01F0578S,01H0610S,31,0,0
2024/05/02,03:00,4,0,01F0584N,01F0557N,31,97,12
2024/05/02,03:00,4,0,01F0633N,01F0584N,31,99,16
2024/05/02,03:00,4,0,01F0578S,01F0633S,31,100,10
2024/05/02,03:00,4,0,01F0633S,01F0664S,31,97,11
2024/05/02,03:00,4,0,01F0633N,01H0579N,31,97,3
2024/05/02,03:00,4,0,01F0578S,01H0610S,31,93,5
2024/05/02,03:05,4,0,01F0584N,01F0557N,31,97,9
2024/05/02,03:05,4,0,01F0633N,01F0584N,31,95,6
2024/05/02,03:05,4,0,01F0578S,01F0633S,31,102,12
2024/05/02,03:05,4,0,01F0633S,01F0664S,31,100,17
2024/05/02,03:05,4,0,01F0633N,01H0579N,31,97,8
2024/05/02,03:05,4,0,01F0578S,01H0610S,31,100,1
2024/05/02,03:10,4,0,01F0584N,01F0557N,31,97,14
2024/05/02,03:10,4,0,01F0633N,01F0584N,31,97,11
2024/05/02,03:10,4,0,01F0578S,01F0633S,31,90,5
2024/05/02,03:10,4,0,01F0633S,01F0664S,31,93,13
2024/05/02,03:10,4,0,01F0633N,01H0579N,31,97,5
2024/05/02,03:10,4,0,01F0578S,01H0610S,31,82,3
2024/05/02,03:15,4,0,01F0584N,01F0557N,31,93,19
2024/05/02,03:15,4,0,01F0633N,01F0584N,31,93,12
2024/05/02,03:15,4,0,01F0578S,01F0633S,31,97,9
2024/05/02,03:15,4,0,01F0633S,01F0664S,31,93,10
2024/05/02,03:15,4,0,01F0633N,01H0579N,31,102,2
2024/05/02,03:15,4,0,01F0578S,01H0610S,31,97,2
2024/05/02,03:20,4,0,01F0584N,01F0557N,31,97,9
2024/05/02,03:20,4,0,01F0633N,01F0584N,31,102,12
2024/05/02,03:20,4,0,01F0578S,01F0633S,31,93,13
2024/05/02,03:20,4,0,01F0633S,01F0664S,31,99,12
2024/05/02,03:20,4,0,01F0633N,01H0579N,31,97,7
2024/05/02,03:20,4,0,01F0578S,01H0610S,31,99,4
2024/05/02,03:25,4,0,01F0584N,01F0557N,31,102,10
2024/05/02,03:25,4,0,01F0633N,01F0584N,31,97,11
2024/05/02,03:25,4,0,01F0578S,01F0633S,31,93,15
2024/05/02,03:25,4,0,01F0633S,01F0664S,31,95,10
2024/05/02,03:25,4,0,01F0633N,01H0579N,31,97,7
2024/05/02,03:25,4,0,01F0578S,01H0610S,31,115,1
2024/05/02,03:30,4,0,01F0584N,01F0557N,31,100,10
2024/05/02,03:30,4,0,01F0633N,01F0584N,31,99,8
2024/05/02,03:30,4,0,01F0578S,01F0633S,31,86,6
2024/05/02,03:30,4,0,01F0633S,01F0664S,31,93,8
2024/05/02,03:30,4,0,01F0633N,01H0579N,31,99,4
2024/05/02,03:30,4,0,01F0578S,01H0610S,31,100,1
2024/05/02,03:35,4,0,01F0584N,01F0557N,31,97,12
2024/05/02,03:35,4,0,01F0633N,01F0584N,31,102,10
2024/05/02,03:35,4,0,01F0578S,01F0633S,31,95,10
2024/05/02,03:35,4,0,01F0633S,01F0664S,31,93,15
2024/05/02,03:35,4,0,01F0633N,01H0579N,31,95,4
2024/05/02,03:35,4,0,01F0578S,01H0610S,31,97,1
2024/05/02,03:40,4,0,01F0584N,01F0557N,31,97,7
2024/05/02,03:40,4,0,01F0633N,01F0584N,31,90,8
2024/05/02,03:40,4,0,01F0578S,01F0633S,31,93,9
2024/05/02,03:40,4,0,01F0633S,01F0664S,31,91,10
2024/05/02,03:40,4,0,01F0633N,01H0579N,31,75,3
2024/05/02,03:40,4,0,01F0578S,01H0610S,31,100,5
2024/05/02,03:45,4,0,01F0584N,01F0557N,31,97,11
2024/05/02,03:45,4,0,01F0633N,01F0584N,31,93,12
2024/05/02,03:45,4,0,01F0578S,01F0633S,31,97,8
2024/05/02,03:45,4,0,01F0633S,01F0664S,31,93,15
2024/05/02,03:45,4,0,01F0633N,01H0579N,31,97,12
2024/05/02,03:45,4,0,01F0578S,01H0610S,31,90,4
2024/05/02,03:50,4,0,01F0584N,01F0557N,31,104,8
2024/05/02,03:50,4,0,01F0633N,01F0584N,31,93,10
2024/05/02,03:50,4,0,01F0578S,01F0633S,31,93,9
2024/05/02,03:50,4,0,01F0633S,01F0664S,31,95,16
2024/05/02,03:50,4,0,01F0633N,01H0579N,31,97,1
2024/05/02,03:50,4,0,01F0578S,01H0610S,31,108,1
2024/05/02,03:55,4,0,01F0584N,01F0557N,31,97,13
2024/05/02,03:55,4,0,01F0633N,01F0584N,31,97,9
2024/05/02,03:55,4,0,01F0578S,01F0633S,31,97,11
2024/05/02,03:55,4,0,01F0633S,01F0664S,31,93,11
2024/05/02,03:55,4,0,01F0633N,01H0579N,31,50,2
2024/05/02,03:55,4,0,01F0578S,01H0610S,31,97,2
2024/05/02,04:00,4,0,01F0584N,01F0557N,31,97,15
2024/05/02,04:00,4,0,01F0633N,01F0584N,31,100,8
2024/05/02,04:00,4,0,01F0578S,01F0633S,31,93,7
2024/05/02,04:00,4,0,01F0633S,01F0664S,31,97,12
2024/05/02,04:00,4,0,01F0633N,01H0579N,31,97,5
2024/05/02,04:00,4,0,01F0578S,01H0610S,31,100,3
2024/05/02,04:05,4,0,01F0584N,01F0557N,31,104,9
2024/05/02,04:05,4,0,01F0633N,01F0584N,31,106,6
2024/05/02,04:05,4,0,01F0578S,01F0633S,31,100,8
2024/05/02,04:05,4,0,01F0633S,01F0664S,31,97,7
2024/05/02,04:05,4,0,01F0633N,01H0579N,31,95,6
2024/05/02,04:05,4,0,01F0578S,01H0610S,31,95,4
2024/05/02,04:10,4,0,01F0584N,01F0557N,31,100,15
2024/05/02,04:10,4,0,01F0633N,01F0584N,31,108,9
2024/05/02,04:10,4,0,01F0578S,01F0633S,31,100,9
2024/05/02,04:10,4,0,01F0633S,01F0664S,31,95,12
2024/05/02,04:10,4,0,01F0633N,01H0579N,31,93,7
2024/05/02,04:10,4,0,01F0578S,01H0610S,31,91,4
2024/05/02,04:15,4,0,01F0584N,01F0557N,31,97,19
2024/05/02,04:15,4,0,01F0633N,01F0584N,31,97,24
2024/05/02,04:15,4,0,01F0578S,01F0633S,31,95,8
2024/05/02,04:15,4,0,01F0633S,01F0664S,31,93,11
2024/05/02,04:15,4,0,01F0633N,01H0579N,31,104,9
2024/05/02,04:15,4,0,01F0578S,01H0610S,31,102,2
2024/05/02,04:20,4,0,01F0584N,01F0557N,31,97,31
2024/05/02,04:20,4,0,01F0633N,01F0584N,31,97,21
2024/05/02,04:20,4,0,01F0578S,01F0633S,31,97,13
2024/05/02,04:20,4,0,01F0633S,01F0664S,31,97,16
2024/05/02,04:20,4,0,01F0633N,01H0579N,31,100,12
2024/05/02,04:20,4,0,01F0578S,01H0610S,31,104,1
2024/05/02,04:25,4,0,01F0584N,01F0557N,31,100,9
2024/05/02,04:25,4,0,01F0633N,01F0584N,31,99,12
2024/05/02,04:25,4,0,01F0578S,01F0633S,31,100,10
2024/05/02,04:25,4,0,01F0633S,01F0664S,31,93,16
2024/05/02,04:25,4,0,01F0633N,01H0579N,31,97,9
2024/05/02,04:25,4,0,01F0578S,01H0610S,31,100,5
2024/05/02,04:30,4,0,01F0584N,01F0557N,31,93,15
2024/05/02,04:30,4,0,01F0633N,01F0584N,31,93,13
2024/05/02,04:30,4,0,01F0578S,01F0633S,31,100,11
2024/05/02,04:30,4,0,01F0633S,01F0664S,31,97,10
2024/05/02,04:30,4,0,01F0633N,01H0579N,31,95,6
2024/05/02,04:30,4,0,01F0578S,01H0610S,31,113,6
2024/05/02,04:35,4,0,01F0584N,01F0557N,31,97,17
2024/05/02,04:35,4,0,01F0633N,01F0584N,31,100,17
2024/05/02,04:35,4,0,01F0578S,01F0633S,31,100,20
2024/05/02,04:35,4,0,01F0633S,01F0664S,31,100,21
2024/05/02,04:35,4,0,01F0633N,01H0579N,31,102,12
2024/05/02,04:35,4,0,01F0578S,01H0610S,31,100,2
2024/05/02,04:40,4,0,01F0584N,01F0557N,31,93,26
2024/05/02,04:40,4,0,01F0633N,01F0584N,31,97,15
2024/05/02,04:40,4,0,01F0578S,01F0633S,31,93,17
2024/05/02,04:40,4,0,01F0633S,01F0664S,31,95,18
2024/05/02,04:40,4,0,01F0633N,01H0579N,31,90,7
2024/05/02,04:40,4,0,01F0578S,01H0610S,31,86,2
2024/05/02,04:45,4,0,01F0584N,01F0557N,31,93,29
2024/05/02,04:45,4,0,01F0633N,01F0584N,31,100,18
2024/05/02,04:45,4,0,01F0578S,01F0633S,31,100,13
2024/05/02,04:45,4,0,01F0633S,01F0664S,31,95,12
2024/05/02,04:45,4,0,01F0633N,01H0579N,31,93,9
2024/05/02,04:45,4,0,01F0578S,01H0610S,31,82,2
2024/05/02,04:50,4,0,01F0584N,01F0557N,31,100,14
2024/05/02,04:50,4,0,01F0633N,01F0584N,31,104,15
2024/05/02,04:50,4,0,01F0578S,01F0633S,31,97,18
2024/05/02,04:50,4,0,01F0633S,01F0664S,31,97,16
2024/05/02,04:50,4,0,01F0633N,01H0579N,31,104,3
2024/05/02,04:50,4,0,01F0578S,01H0610S,31,99,6
2024/05/02,04:55,4,0,01F0584N,01F0557N,31,97,23
2024/05/02,04:55,4,0,01F0633N,01F0584N,31,100,19
2024/05/02,04:55,4,0,01F0578S,01F0633S,31,100,15
2024/05/02,04:55,4,0,01F0633S,01F0664S,31,97,21
2024/05/02,04:55,4,0,01F0633N,01H0579N,31,104,6
2024/05/02,04:55,4,0,01F0578S,01H0610S,31,100,6
2024/05/02,05:00,4,0,01F0584N,01F0557N,31,100,16
2024/05/02,05:00,4,0,01F0633N,01F0584N,31,104,14
2024/05/02,05:00,4,0,01F0578S,01F0633S,31,97,12
2024/05/02,05:00,4,0,01F0633S,01F0664S,31,97,26
2024/05/02,05:00,4,0,01F0633N,01H0579N,31,111,5
2024/05/02,05:00,4,0,01F0578S,01H0610S,31,100,5
2024/05/02,05:05,4,0,01F0584N,01F0557N,31,100,18
2024/05/02,05:05,4,0,01F0633N,01F0584N,31,104,19
2024/05/02,05:05,4,0,01F0578S,01F0633S,31,100,26
2024/05/02,05:05,4,0,01F0633S,01F0664S,31,97,19
2024/05/02,05:05,4,0,01F0633N,01H0579N,31,97,14
2024/05/02,05:05,4,0,01F0578S,01H0610S,31,95,6
2024/05/02,05:10,4,0,01F0584N,01F0557N,31,95,24
2024/05/02,05:10,4,0,01F0633N,01F0584N,31,99,14
2024/05/02,05:10,4,0,01F0578S,01F0633S,31,97,22
2024/05/02,05:10,4,0,01F0633S,01F0664S,31,99,22
2024/05/02,05:10,4,0,01F0633N,01H0579N,31,104,11
2024/05/02,05:10,4,0,01F0578S,01H0610S,31,104,5
2024/05/02,05:15,4,0,01F0584N,01F0557N,31,100,17
2024/05/02,05:15,4,0,01F0633N,01F0584N,31,99,16
2024/05/02,05:15,4,0,01F0578S,01F0633S,31,100,18
2024/05/02,05:15,4,0,01F0633S,01F0664S,31,100,25
2024/05/02,05:15,4,0,01F0633N,01H0579N,31,100,12
2024/05/02,05:15,4,0,01F0578S,01H0610S,31,100,10
2024/05/02,05:20,4,0,01F0584N,01F0557N,31,100,25
2024/05/02,05:20,4,0,01F0633N,01F0584N,31,100,20
2024/05/02,05:20,4,0,01F0578S,01F0633S,31,100,33
2024/05/02,05:20,4,0,01F0633S,01F0664S,31,97,27
2024/05/02,05:20,4,0,01F0633N,01H0579N,31,95,12
2024/05/02,05:20,4,0,01F0578S,01H0610S,31,97,11
2024/05/02,05:25,4,0,01F0584N,01F0557N,31,97,31
2024/05/02,05:25,4,0,01F0633N,01F0584N,31,100,26
2024/05/02,05:25,4,0,01F0578S,01F0633S,31,104,25
2024/05/02,05:25,4,0,01F0633S,01F0664S,31,97,34
2024/05/02,05:25,4,0,01F0633N,01H0579N,31,100,18
2024/05/02,05:25,4,0,01F0578S,01H0610S,31,104,9
2024/05/02,05:30,4,0,01F0584N,01F0557N,31,97,48
2024/05/02,05:30,4,0,01F0633N,01F0584N,31,97,30
2024/05/02,05:30,4,0,01F0578S,01F0633S,31,100,32
2024/05/02,05:30,4,0,01F0633S,01F0664S,31,100,35
2024/05/02,05:30,4,0,01F0633N,01H0579N,31,100,17
2024/05/02,05:30,4,0,01F0578S,01H0610S,31,100,10
2024/05/02,05:35,4,0,01F0584N,01F0557N,31,100,33
2024/05/02,05:35,4,0,01F0633N,01F0584N,31,100,32
2024/05/02,05:35,4,0,01F0578S,01F0633S,31,100,39
2024/05/02,05:35,4,0,01F0633S,01F0664S,31,100,38
2024/05/02,05:35,4,0,01F0633N,01H0579N,31,97,10
2024/05/02,05:35,4,0,01F0578S,01H0610S,31,95,8
2024/05/02,05:40,4,0,01F0584N,01F0557N,31,97,44
2024/05/02,05:40,4,0,01F0633N,01F0584N,31,100,40
2024/05/02,05:40,4,0,01F0578S,01F0633S,31,100,43
2024/05/02,05:40,4,0,01F0633S,01F0664S,31,97,44
2024/05/02,05:40,4,0,01F0633N,01H0579N,31,99,16
2024/05/02,05:40,4,0,01F0578S,01H0610S,31,99,28
2024/05/02,05:45,4,0,01F0584N,01F0557N,31,104,52
2024/05/02,05:45,4,0,01F0633N,01F0584N,31,97,44
2024/05/02,05:45,4,0,01F0578S,01F0633S,31,100,51
2024/05/02,05:45,4,0,01F0633S,01F0664S,31,100,54
2024/05/02,05:45,4,0,01F0633N,01H0579N,31,93,22
2024/05/02,05:45,4,0,01F0578S,01H0610S,31,97,21
2024/05/02,05:50,4,0,01F0584N,01F0557N,31,100,46
2024/05/02,05:50,4,0,01F0633N,01F0584N,31,100,46
2024/05/02,05:50,4,0,01F0578S,01F0633S,31,100,43
2024/05/02,05:50,4,0,01F0633S,01F0664S,31,95,44
2024/05/02,05:50,4,0,01F0633N,01H0579N,31,97,29
2024/05/02,05:50,4,0,01F0578S,01H0610S,31,97,25
2024/05/02,05:55,4,0,01F0584N,01F0557N,31,100,64
2024/05/02,05:55,4,0,01F0633N,01F0584N,31,97,61
2024/05/02,05:55,4,0,01F0578S,01F0633S,31,104,47
2024/05/02,05:55,4,0,01F0633S,01F0664S,31,97,65
2024/05/02,05:55,4,0,01F0633N,01H0579N,31,97,34
2024/05/02,05:55,4,0,01F0578S,01H0610S,31,97,15
2024/05/02,06:00,4,0,01F0584N,01F0557N,31,104,67
2024/05/02,06:00,4,0,01F0633N,01F0584N,31,100,64
2024/05/02,06:00,4,0,01F0578S,01F0633S,31,100,63
2024/05/02,06:00,4,0,01F0633S,01F0664S,31,100,58
2024/05/02,06:00,4,0,01F0633N,01H0579N,31,97,25
2024/05/02,06:00,4,0,01F0578S,01H0610S,31,97,28
2024/05/02,06:05,4,0,01F0584N,01F0557N,31,100,76
2024/05/02,06:05,4,0,01F0633N,01F0584N,31,97,82
2024/05/02,06:05,4,0,01F0578S,01F0633S,31,100,63
2024/05/02,06:05,4,0,01F0633S,01F0664S,31,97,70
2024/05/02,06:05,4,0,01F0633N,01H0579N,31,97,21
2024/05/02,06:05,4,0,01F0578S,01H0610S,31,100,27
2024/05/02,06:10,4,0,01F0584N,01F0557N,31,100,92
2024/05/02,06:10,4,0,01F0633N,01F0584N,31,97,78
2024/05/02,06:10,4,0,01F0578S,01F0633S,31,97,98
2024/05/02,06:10,4,0,01F0633S,01F0664S,31,100,78
2024/05/02,06:10,4,0,01F0633N,01H0579N,31,90,40
2024/05/02,06:10,4,0,01F0578S,01H0610S,31,95,30
2024/05/02,06:15,4,0,01F0584N,01F0557N,31,100,98
2024/05/02,06:15,4,0,01F0633N,01F0584N,31,97,89
2024/05/02,06:15,4,0,01F0578S,01F0633S,31,97,89
2024/05/02,06:15,4,0,01F0633S,01F0664S,31,97,102
2024/05/02,06:15,4,0,01F0633N,01H0579N,31,90,64
2024/05/02,06:15,4,0,01F0578S,01H0610S,31,93,39
2024/05/02,06:20,4,0,01F0584N,01F0557N,31,97,126
2024/05/02,06:20,4,0,01F0633N,01F0584N,31,90,105
2024/05/02,06:20,4,0,01F0578S,01F0633S,31,97,101
2024/05/02,06:20,4,0,01F0633S,01F0664S,31,97,97
2024/05/02,06:20,4,0,01F0633N,01H0579N,31,86,59
2024/05/02,06:20,4,0,01F0578S,01H0610S,31,90,57
2024/05/02,06:25,4,0,01F0584N,01F0557N,31,93,154
2024/05/02,06:25,4,0,01F0633N,01F0584N,31,90,133
2024/05/02,06:25,4,0,01F0578S,01F0633S,31,93,94
2024/05/02,06:25,4,0,01F0633S,01F0664S,31,93,133
2024/05/02,06:25,4,0,01F0633N,01H0579N,31,88,54
2024/05/02,06:25,4,0,01F0578S,01H0610S,31,90,64
2024/05/02,06:30,4,0,01F0584N,01F0557N,31,90,161
2024/05/02,06:30,4,0,01F0633N,01F0584N,31,90,132
2024/05/02,06:30,4,0,01F0578S,01F0633S,31,93,125
2024/05/02,06:30,4,0,01F0633S,01F0664S,31,93,115
2024/05/02,06:30,4,0,01F0633N,01H0579N,31,86,64
2024/05/02,06:30,4,0,01F0578S,01H0610S,31,90,72
2024/05/02,06:35,4,0,01F0584N,01F0557N,31,86,196
2024/05/02,06:35,4,0,01F0633N,01F0584N,31,86,141
2024/05/02,06:35,4,0,01F0578S,01F0633S,31,93,139
2024/05/02,06:35,4,0,01F0633S,01F0664S,31,93,156
2024/05/02,06:35,4,0,01F0633N,01H0579N,31,79,66
2024/05/02,06:35,4,0,01F0578S,01H0610S,31,90,58
2024/05/02,06:40,4,0,01F0584N,01F0557N,31,86,195
2024/05/02,06:40,4,0,01F0633N,01F0584N,31,75,150
2024/05/02,06:40,4,0,01F0578S,01F0633S,31,93,143
2024/05/02,06:40,4,0,01F0633S,01F0664S,31,90,154
2024/05/02,06:40,4,0,01F0633N,01H0579N,31,75,57
2024/05/02,06:40,4,0,01F0578S,01H0610S,31,86,67
2024/05/02,06:45,4,0,01F0584N,01F0557N,31,90,185
2024/05/02,06:45,4,0,01F0633N,01F0584N,31,72,125
2024/05/02,06:45,4,0,01F0578S,01F0633S,31,90,142
2024/05/02,06:45,4,0,01F0633S,01F0664S,31,93,149
2024/05/02,06:45,4,0,01F0633N,01H0579N,31,68,67
2024/05/02,06:45,4,0,01F0578S,01H0610S,31,82,83
2024/05/02,06:50,4,0,01F0584N,01F0557N,31,90,186
2024/05/02,06:50,4,0,01F0633N,01F0584N,31,64,130
2024/05/02,06:50,4,0,01F0578S,01F0633S,31,82,173
2024/05/02,06:50,4,0,01F0633S,01F0664S,31,90,165
2024/05/02,06:50,4,0,01F0633N,01H0579N,31,64,66
2024/05/02,06:50,4,0,01F0578S,01H0610S,31,72,73
2024/05/02,06:55,4,0,01F0584N,01F0557N,31,82,191
2024/05/02,06:55,4,0,01F0633N,01F0584N,31,61,134
2024/05/02,06:55,4,0,01F0578S,01F0633S,31,72,148
2024/05/02,06:55,4,0,01F0633S,01F0664S,31,90,169
2024/05/02,06:55,4,0,01F0633N,01H0579N,31,57,65
2024/05/02,06:55,4,0,01F0578S,01H0610S,31,61,81
2024/05/02,07:00,4,0,01F0584N,01F0557N,31,82,176
2024/05/02,07:00,4,0,01F0633N,01F0584N,31,50,134
2024/05/02,07:00,4,0,01F0578S,01F0633S,31,72,146
2024/05/02,07:00,4,0,01F0633S,01F0664S,31,82,186
2024/05/02,07:00,4,0,01F0633N,01H0579N,31,54,53
2024/05/02,07:00,4,0,01F0578S,01H0610S,31,61,64
2024/05/02,07:05,4,0,01F0584N,01F0557N,31,79,195
2024/05/02,07:05,4,0,01F0633N,01F0584N,31,50,127
2024/05/02,07:05,4,0,01F0578S,01F0633S,31,68,166
2024/05/02,07:05,4,0,01F0633S,01F0664S,31,79,148
2024/05/02,07:05,4,0,01F0633N,01H0579N,31,50,62
2024/05/02,07:05,4,0,01F0578S,01H0610S,31,57,80
2024/05/02,07:10,4,0,01F0584N,01F0557N,31,82,200
2024/05/02,07:10,4,0,01F0633N,01F0584N,31,43,153
2024/05/02,07:10,4,0,01F0578S,01F0633S,31,68,147
2024/05/02,07:10,4,0,01F0633S,01F0664S,31,72,217
2024/05/02,07:10,4,0,01F0633N,01H0579N,31,46,46
2024/05/02,07:10,4,0,01F0578S,01H0610S,31,57,75
2024/05/02,07:15,4,0,01F0584N,01F0557N,31,82,182
2024/05/02,07:15,4,0,01F0633N,01F0584N,31,43,166
2024/05/02,07:15,4,0,01F0578S,01F0633S,31,68,173
2024/05/02,07:15,4,0,01F0633S,01F0664S,31,79,198
2024/05/02,07:15,4,0,01F0633N,01H0579N,31,46,58
2024/05/02,07:15,4,0,01F0578S,01H0610S,31,57,71
2024/05/02,07:20,4,0,01F0584N,01F0557N,31,86,188
2024/05/02,07:20,4,0,01F0633N,01F0584N,31,43,143
2024/05/02,07:20,4,0,01F0578S,01F0633S,31,64,187
2024/05/02,07:20,4,0,01F0633S,01F0664S,31,75,205
2024/05/02,07:20,4,0,01F0633N,01H0579N,31,46,51
2024/05/02,07:20,4,0,01F0578S,01H0610S,31,57,86
2024/05/02,07:25,4,0,01F0584N,01F0557N,31,79,187
2024/05/02,07:25,4,0,01F0633N,01F0584N,31,43,142
2024/05/02,07:25,4,0,01F0578S,01F0633S,31,64,156
2024/05/02,07:25,4,0,01F0633S,01F0664S,31,75,212
2024/05/02,07:25,4,0,01F0633N,01H0579N,31,43,34
2024/05/02,07:25,4,0,01F0578S,01H0610S,31,57,89
2024/05/02,07:30,4,0,01F0584N,01F0557N,31,79,189
2024/05/02,07:30,4,0,01F0633N,01F0584N,31,39,139
2024/05/02,07:30,4,0,01F0578S,01F0633S,31,68,188
2024/05/02,07:30,4,0,01F0633S,01F0664S,31,79,230
2024/05/02,07:30,4,0,01F0633N,01H0579N,31,43,59
2024/05/02,07:30,4,0,01F0578S,01H0610S,31,57,89
2024/05/02,07:35,4,0,01F0584N,01F0557N,31,79,181
2024/05/02,07:35,4,0,01F0633N,01F0584N,31,39,140
2024/05/02,07:35,4,0,01F0578S,01F0633S,31,72,154
2024/05/02,07:35,4,0,01F0633S,01F0664S,31,79,186
2024/05/02,07:35,4,0,01F0633N,01H0579N,31,39,51
2024/05/02,07:35,4,0,01F0578S,01H0610S,31,61,83
2024/05/02,07:40,4,0,01F0584N,01F0557N,31,79,212
2024/05/02,07:40,4,0,01F0633N,01F0584N,31,39,164
2024/05/02,07:40,4,0,01F0578S,01F0633S,31,72,140
2024/05/02,07:40,4,0,01F0633S,01F0664S,31,82,188
2024/05/02,07:40,4,0,01F0633N,01H0579N,31,41,36
2024/05/02,07:40,4,0,01F0578S,01H0610S,31,54,87
2024/05/02,07:45,4,0,01F0584N,01F0557N,31,82,195
2024/05/02,07:45,4,0,01F0633N,01F0584N,31,39,175
2024/05/02,07:45,4,0,01F0578S,01F0633S,31,72,150
2024/05/02,07:45,4,0,01F0633S,01F0664S,31,86,190
2024/05/02,07:45,4,0,01F0633N,01H0579N,31,43,57
2024/05/02,07:45,4,0,01F0578S,01H0610S,31,57,98
2024/05/02,07:50,4,0,01F0584N,01F0557N,31,68,189
2024/05/02,07:50,4,0,01F0633N,01F0584N,31,43,129
2024/05/02,07:50,4,0,01F0578S,01F0633S,31,68,142
2024/05/02,07:50,4,0,01F0633S,01F0664S,31,82,195
2024/05/02,07:50,4,0,01F0633N,01H0579N,31,46,58
2024/05/02,07:50,4,0,01F0578S,01H0610S,31,57,84
2024/05/02,07:55,4,0,01F0584N,01F0557N,31,64,205
2024/05/02,07:55,4,0,01F0633N,01F0584N,31,43,146
2024/05/02,07:55,4,0,01F0578S,01F0633S,31,64,165
2024/05/02,07:55,4,0,01F0633S,01F0664S,31,86,193
2024/05/02,07:55,4,0,01F0633N,01H0579N,31,43,58
2024/05/02,07:55,4,0,01F0578S,01H0610S,31,54,86
2024/05/02,08:00,4,0,01F0584N,01F0557N,31,68,198
2024/05/02,08:00,4,0,01F0633N,01F0584N,31,39,169
2024/05/02,08:00,4,0,01F0578S,01F0633S,31,68,142
2024/05/02,08:00,4,0,01F0633S,01F0664S,31,86,201
2024/05/02,08:00,4,0,01F0633N,01H0579N,31,46,52
2024/05/02,08:00,4,0,01F0578S,01H0610S,31,54,81
2024/05/02,08:05,4,0,01F0584N,01F0557N,31,54,212
2024/05/02,08:05,4,0,01F0633N,01F0584N,31,46,184
2024/05/02,08:05,4,0,01F0578S,01F0633S,31,68,164
2024/05/02,08:05,4,0,01F0633S,01F0664S,31,86,207
2024/05/02,08:05,4,0,01F0633N,01H0579N,31,46,55
2024/05/02,08:05,4,0,01F0578S,01H0610S,31,57,79
2024/05/02,08:10,4,0,01F0584N,01F0557N,31,54,244
2024/05/02,08:10,4,0,01F0633N,01F0584N,31,46,174
2024/05/02,08:10,4,0,01F0578S,01F0633S,31,68,142
2024/05/02,08:10,4,0,01F0633S,01F0664S,31,86,200
2024/05/02,08:10,4,0,01F0633N,01H0579N,31,50,40
2024/05/02,08:10,4,0,01F0578S,01H0610S,31,54,84
2024/05/02,08:15,4,0,01F0584N,01F0557N,31,61,227
2024/05/02,08:15,4,0,01F0633N,01F0584N,31,50,168
2024/05/02,08:15,4,0,01F0578S,01F0633S,31,68,155
2024/05/02,08:15,4,0,01F0633S,01F0664S,31,86,210
2024/05/02,08:15,4,0,01F0633N,01H0579N,31,50,57
2024/05/02,08:15,4,0,01F0578S,01H0610S,31,46,97
2024/05/02,08:20,4,0,01F0584N,01F0557N,31,68,210
2024/05/02,08:20,4,0,01F0633N,01F0584N,31,50,160
2024/05/02,08:20,4,0,01F0578S,01F0633S,31,64,146
2024/05/02,08:20,4,0,01F0633S,01F0664S,31,90,193
2024/05/02,08:20,4,0,01F0633N,01H0579N,31,54,61
2024/05/02,08:20,4,0,01F0578S,01H0610S,31,52,92
2024/05/02,08:25,4,0,01F0584N,01F0557N,31,64,191
2024/05/02,08:25,4,0,01F0633N,01F0584N,31,54,139
2024/05/02,08:25,4,0,01F0578S,01F0633S,31,61,132
2024/05/02,08:25,4,0,01F0633S,01F0664S,31,86,169
2024/05/02,08:25,4,0,01F0633N,01H0579N,31,54,44
2024/05/02,08:25,4,0,01F0578S,01H0610S,31,50,70
2024/05/02,08:30,4,0,01F0584N,01F0557N,31,57,211
2024/05/02,08:30,4,0,01F0633N,01F0584N,31,54,157
2024/05/02,08:30,4,0,01F0578S,01F0633S,31,61,152
2024/05/02,08:30,4,0,01F0633S,01F0664S,31,82,165
2024/05/02,08:30,4,0,01F0633N,01H0579N,31,54,37
2024/05/02,08:30,4,0,01F0578S,01H0610S,31,54,66
2024/05/02,08:35,4,0,01F0584N,01F0557N,31,61,201
2024/05/02,08:35,4,0,01F0633N,01F0584N,31,64,154
2024/05/02,08:35,4,0,01F0578S,01F0633S,31,57,147
2024/05/02,08:35,4,0,01F0633S,01F0664S,31,86,203
2024/05/02,08:35,4,0,01F0633N,01H0579N,31,61,50
2024/05/02,08:35,4,0,01F0578S,01H0610S,31,50,77
2024/05/02,08:40,4,0,01F0584N,01F0557N,31,64,209
2024/05/02,08:40,4,0,01F0633N,01F0584N,31,75,117
2024/05/02,08:40,4,0,01F0578S,01F0633S,31,68,139
2024/05/02,08:40,4,0,01F0633S,01F0664S,31,86,156
2024/05/02,08:40,4,0,01F0633N,01H0579N,31,68,39
2024/05/02,08:40,4,0,01F0578S,01H0610S,31,61,70
2024/05/02,08:45,4,0,01F0584N,01F0557N,31,68,176
2024/05/02,08:45,4,0,01F0633N,01F0584N,31,79,132
2024/05/02,08:45,4,0,01F0578S,01F0633S,31,75,120
2024/05/02,08:45,4,0,01F0633S,01F0664S,31,90,150
2024/05/02,08:45,4,0,01F0633N,01H0579N,31,75,48
2024/05/02,08:45,4,0,01F0578S,01H0610S,31,61,77
2024/05/02,08:50,4,0,01F0584N,01F0557N,31,79,171
2024/05/02,08:50,4,0,01F0633N,01F0584N,31,82,99
2024/05/02,08:50,4,0,01F0578S,01F0633S,31,72,116
2024/05/02,08:50,4,0,01F0633S,01F0664S,31,90,149
2024/05/02,08:50,4,0,01F0633N,01H0579N,31,72,43
2024/05/02,08:50,4,0,01F0578S,01H0610S,31,57,65
2024/05/02,08:55,4,0,01F0584N,01F0557N,31,79,178
2024/05/02,08:55,4,0,01F0633N,01F0584N,31,75,128
2024/05/02,08:55,4,0,01F0578S,01F0633S,31,68,128
2024/05/02,08:55,4,0,01F0633S,01F0664S,31,86,153
2024/05/02,08:55,4,0,01F0633N,01H0579N,31,75,42
2024/05/02,08:55,4,0,01F0578S,01H0610S,31,54,55
2024/05/02,09:00,4,0,01F0584N,01F0557N,31,68,159
2024/05/02,09:00,4,0,01F0633N,01F0584N,31,86,109
2024/05/02,09:00,4,0,01F0578S,01F0633S,31,72,121
2024/05/02,09:00,4,0,01F0633S,01F0664S,31,86,149
2024/05/02,09:00,4,0,01F0633N,01H0579N,31,82,48
2024/05/02,09:00,4,0,01F0578S,01H0610S,31,54,50
2024/05/02,09:05,4,0,01F0584N,01F0557N,31,68,162
2024/05/02,09:05,4,0,01F0633N,01F0584N,31,90,108
2024/05/02,09:05,4,0,01F0578S,01F0633S,31,72,114
2024/05/02,09:05,4,0,01F0633S,01F0664S,31,90,144
2024/05/02,09:05,4,0,01F0633N,01H0579N,31,82,55
2024/05/02,09:05,4,0,01F0578S,01H0610S,31,61,57
2024/05/02,09:10,4,0,01F0584N,01F0557N,31,68,163
2024/05/02,09:10,4,0,01F0633N,01F0584N,31,90,116
2024/05/02,09:10,4,0,01F0578S,01F0633S,31,68,54
2024/05/02,09:10,4,0,01F0633S,01F0664S,31,90,101
2024/05/02,09:10,4,0,01F0633N,01H0579N,31,84,46
2024/05/02,09:10,4,0,01F0578S,01H0610S,31,57,17
2024/05/02,09:15,4,0,01F0584N,01F0557N,31,82,163
2024/05/02,09:15,4,0,01F0633N,01F0584N,31,90,107
2024/05/02,09:15,4,0,01F0578S,01F0633S,31,75,73
2024/05/02,09:15,4,0,01F0633S,01F0664S,31,90,96
2024/05/02,09:15,4,0,01F0633N,01H0579N,31,82,53
2024/05/02,09:15,4,0,01F0578S,01H0610S,31,57,61
2024/05/02,09:20,4,0,01F0584N,01F0557N,31,86,161
2024/05/02,09:20,4,0,01F0633N,01F0584N,31,90,111
2024/05/02,09:20,4,0,01F0578S,01F0633S,31,61,110
2024/05/02,09:20,4,0,01F0633S,01F0664S,31,90,136
2024/05/02,09:20,4,0,01F0633N,01H0579N,31,82,35
2024/05/02,09:20,4,0,01F0578S,01H0610S,31,46,55
2024/05/02,09:25,4,0,01F0584N,01F0557N,31,90,154
2024/05/02,09:25,4,0,01F0633N,01F0584N,31,90,127
2024/05/02,09:25,4,0,01F0578S,01F0633S,31,61,99
2024/05/02,09:25,4,0,01F0633S,01F0664S,31,90,121
2024/05/02,09:25,4,0,01F0633N,01H0579N,31,82,51
2024/05/02,09:25,4,0,01F0578S,01H0610S,31,46,54
2024/05/02,09:30,4,0,01F0584N,01F0557N,31,90,170
2024/05/02,09:30,4,0,01F0633N,01F0584N,31,90,121
2024/05/02,09:30,4,0,01F0578S,01F0633S,31,57,104
2024/05/02,09:30,4,0,01F0633S,01F0664S,31,86,117
2024/05/02,09:30,4,0,01F0633N,01H0579N,31,82,40
2024/05/02,09:30,4,0,01F0578S,01H0610S,31,46,51
2024/05/02,09:35,4,0,01F0584N,01F0557N,31,90,146
2024/05/02,09:35,4,0,01F0633N,01F0584N,31,86,128
2024/05/02,09:35,4,0,01F0578S,01F0633S,31,54,107
2024/05/02,09:35,4,0,01F0633S,01F0664S,31,86,131
2024/05/02,09:35,4,0,01F0633N,01H0579N,31,84,38
2024/05/02,09:35,4,0,01F0578S,01H0610S,31,43,55
2024/05/02,09:40,4,0,01F0584N,01F0557N,31,86,145
2024/05/02,09:40,4,0,01F0633N,01F0584N,31,86,118
2024/05/02,09:40,4,0,01F0578S,01F0633S,31,57,115
2024/05/02,09:40,4,0,01F0633S,01F0664S,31,86,127
2024/05/02,09:40,4,0,01F0633N,01H0579N,31,79,47
2024/05/02,09:40,4,0,01F0578S,01H0610S,31,46,48
2024/05/02,09:45,4,0,01F0584N,01F0557N,31,86,143
2024/05/02,09:45,4,0,01F0633N,01F0584N,31,79,113
2024/05/02,09:45,4,0,01F0578S,01F0633S,31,57,104
2024/05/02,09:45,4,0,01F0633S,01F0664S,31,82,123
2024/05/02,09:45,4,0,01F0633N,01H0579N,31,75,50
2024/05/02,09:45,4,0,01F0578S,01H0610S,31,46,66
2024/05/02,09:50,4,0,01F0584N,01F0557N,31,86,153
2024/05/02,09:50,4,0,01F0633N,01F0584N,31,90,127
2024/05/02,09:50,4,0,01F0578S,01F0633S,31,57,114
2024/05/02,09:50,4,0,01F0633S,01F0664S,31,86,110
2024/05/02,09:50,4,0,01F0633N,01H0579N,31,79,60
2024/05/02,09:50,4,0,01F0578S,01H0610S,31,46,55
2024/05/02,09:55,4,0,01F0584N,01F0557N,31,93,145
2024/05/02,09:55,4,0,01F0633N,01F0584N,31,93,113
2024/05/02,09:55,4,0,01F0578S,01F0633S,31,57,98
2024/05/02,09:55,4,0,01F0633S,01F0664S,31,90,111
2024/05/02,09:55,4,0,01F0633N,01H0579N,31,86,34
2024/05/02,09:55,4,0,01F0578S,01H0610S,31,50,48
2024/05/02,10:00,4,0,01F0584N,01F0557N,31,90,127
2024/05/02,10:00,4,0,01F0633N,01F0584N,31,93,108
2024/05/02,10:00,4,0,01F0578S,01F0633S,31,61,103
2024/05/02,10:00,4,0,01F0633S,01F0664S,31,86,119
2024/05/02,10:00,4,0,01F0633N,01H0579N,31,86,40
2024/05/02,10:00,4,0,01F0578S,01H0610S,31,54,48
2024/05/02,10:05,4,0,01F0584N,01F0557N,31,90,143
2024/05/02,10:05,4,0,01F0633N,01F0584N,31,86,86
2024/05/02,10:05,4,0,01F0578S,01F0633S,31,57,93
2024/05/02,10:05,4,0,01F0633S,01F0664S,31,90,114
2024/05/02,10:05,4,0,01F0633N,01H0579N,31,81,28
2024/05/02,10:05,4,0,01F0578S,01H0610S,31,43,45
2024/05/02,10:10,4,0,01F0584N,01F0557N,31,90,131
2024/05/02,10:10,4,0,01F0633N,01F0584N,31,82,123
2024/05/02,10:10,4,0,01F0578S,01F0633S,31,57,107
2024/05/02,10:10,4,0,01F0633S,01F0664S,31,86,119
2024/05/02,10:10,4,0,01F0633N,01H0579N,31,82,42
2024/05/02,10:10,4,0,01F0578S,01H0610S,31,50,43
2024/05/02,10:15,4,0,01F0584N,01F0557N,31,90,161
2024/05/02,10:15,4,0,01F0633N,01F0584N,31,79,113
2024/05/02,10:15,4,0,01F0578S,01F0633S,31,61,88
2024/05/02,10:15,4,0,01F0633S,01F0664S,31,86,107
2024/05/02,10:15,4,0,01F0633N,01H0579N,31,75,39
2024/05/02,10:15,4,0,01F0578S,01H0610S,31,57,41
2024/05/02,10:20,4,0,01F0584N,01F0557N,31,82,170
2024/05/02,10:20,4,0,01F0633N,01F0584N,31,82,122
2024/05/02,10:20,4,0,01F0578S,01F0633S,31,61,89
2024/05/02,10:20,4,0,01F0633S,01F0664S,31,86,101
2024/05/02,10:20,4,0,01F0633N,01H0579N,31,79,47
2024/05/02,10:20,4,0,01F0578S,01H0610S,31,50,51
2024/05/02,10:25,4,0,01F0584N,01F0557N,31,86,157
2024/05/02,10:25,4,0,01F0633N,01F0584N,31,86,116
2024/05/02,10:25,4,0,01F0578S,01F0633S,31,61,92
2024/05/02,10:25,4,0,01F0633S,01F0664S,31,86,124
2024/05/02,10:25,4,0,01F0633N,01H0579N,31,82,41
2024/05/02,10:25,4,0,01F0578S,01H0610S,31,50,37
2024/05/02,10:30,4,0,01F0584N,01F0557N,31,86,144
2024/05/02,10:30,4,0,01F0633N,01F0584N,31,86,118
2024/05/02,10:30,4,0,01F0578S,01F0633S,31,57,107
2024/05/02,10:30,4,0,01F0633S,01F0664S,31,86,112
2024/05/02,10:30,4,0,01F0633N,01H0579N,31,79,41
2024/05/02,10:30,4,0,01F0578S,01H0610S,31,50,46
2024/05/02,10:35,4,0,01F0584N,01F0557N,31,86,132
2024/05/02,10:35,4,0,01F0633N,01F0584N,31,75,102
2024/05/02,10:35,4,0,01F0578S,01F0633S,31,57,109
2024/05/02,10:35,4,0,01F0633S,01F0664S,31,86,114
2024/05/02,10:35,4,0,01F0633N,01H0579N,31,79,35
2024/05/02,10:35,4,0,01F0578S,01H0610S,31,50,38
2024/05/02,10:40,4,0,01F0584N,01F0557N,31,82,146
2024/05/02,10:40,4,0,01F0633N,01F0584N,31,75,129
2024/05/02,10:40,4,0,01F0578S,01F0633S,31,54,85
2024/05/02,10:40,4,0,01F0633S,01F0664S,31,86,113
2024/05/02,10:40,4,0,01F0633N,01H0579N,31,81,28
2024/05/02,10:40,4,0,01F0578S,01H0610S,31,55,50
2024/05/02,10:45,4,0,01F0584N,01F0557N,31,82,141
2024/05/02,10:45,4,0,01F0633N,01F0584N,31,72,101
2024/05/02,10:45,4,0,01F0578S,01F0633S,31,54,104
2024/05/02,10:45,4,0,01F0633S,01F0664S,31,86,107
2024/05/02,10:45,4,0,01F0633N,01H0579N,31,82,27
2024/05/02,10:45,4,0,01F0578S,01H0610S,31,46,47
2024/05/02,10:50,4,0,01F0584N,01F0557N,31,86,132
2024/05/02,10:50,4,0,01F0633N,01F0584N,31,72,113
2024/05/02,10:50,4,0,01F0578S,01F0633S,31,57,111
2024/05/02,10:50,4,0,01F0633S,01F0664S,31,86,120
2024/05/02,10:50,4,0,01F0633N,01H0579N,31,81,28
2024/05/02,10:50,4,0,01F0578S,01H0610S,31,50,52
2024/05/02,10:55,4,0,01F0584N,01F0557N,31,86,117
2024/05/02,10:55,4,0,01F0633N,01F0584N,31,68,101
2024/05/02,10:55,4,0,01F0578S,01F0633S,31,61,93
2024/05/02,10:55,4,0,01F0633S,01F0664S,31,90,88
2024/05/02,10:55,4,0,01F0633N,01H0579N,31,75,51
2024/05/02,10:55,4,0,01F0578S,01H0610S,31,57,56
2024/05/02,11:00,4,0,01F0584N,01F0557N,31,82,143
2024/05/02,11:00,4,0,01F0633N,01F0584N,31,68,111
2024/05/02,11:00,4,0,01F0578S,01F0633S,31,64,101
2024/05/02,11:00,4,0,01F0633S,01F0664S,31,90,98
2024/05/02,11:00,4,0,01F0633N,01H0579N,31,77,34
2024/05/02,11:00,4,0,01F0578S,01H0610S,31,61,56
2024/05/02,11:05,4,0,01F0584N,01F0557N,31,82,126
2024/05/02,11:05,4,0,01F0633N,01F0584N,31,64,113
2024/05/02,11:05,4,0,01F0578S,01F0633S,31,72,77
2024/05/02,11:05,4,0,01F0633S,01F0664S,31,90,76
2024/05/02,11:05,4,0,01F0633N,01H0579N,31,75,38
2024/05/02,11:05,4,0,01F0578S,01H0610S,31,54,52
2024/05/02,11:10,4,0,01F0584N,01F0557N,31,82,133
2024/05/02,11:10,4,0,01F0633N,01F0584N,31,72,95
2024/05/02,11:10,4,0,01F0578S,01F0633S,31,68,102
2024/05/02,11:10,4,0,01F0633S,01F0664S,31,82,94
2024/05/02,11:10,4,0,01F0633N,01H0579N,31,79,33
2024/05/02,11:10,4,0,01F0578S,01H0610S,31,57,47
2024/05/02,11:15,4,0,01F0584N,01F0557N,31,86,132
2024/05/02,11:15,4,0,01F0633N,01F0584N,31,68,125
2024/05/02,11:15,4,0,01F0578S,01F0633S,31,79,98
2024/05/02,11:15,4,0,01F0633S,01F0664S,31,82,113
2024/05/02,11:15,4,0,01F0633N,01H0579N,31,84,24
2024/05/02,11:15,4,0,01F0578S,01H0610S,31,79,44
2024/05/02,11:20,4,0,01F0584N,01F0557N,31,82,148
2024/05/02,11:20,4,0,01F0633N,01F0584N,31,79,128
2024/05/02,11:20,4,0,01F0578S,01F0633S,31,93,79
2024/05/02,11:20,4,0,01F0633S,01F0664S,31,90,111
2024/05/02,11:20,4,0,01F0633N,01H0579N,31,79,32
2024/05/02,11:20,4,0,01F0578S,01H0610S,31,90,39
2024/05/02,11:25,4,0,01F0584N,01F0557N,31,79,171
2024/05/02,11:25,4,0,01F0633N,01F0584N,31,86,121
2024/05/02,11:25,4,0,01F0578S,01F0633S,31,86,84
2024/05/02,11:25,4,0,01F0633S,01F0664S,31,93,89
2024/05/02,11:25,4,0,01F0633N,01H0579N,31,81,28
2024/05/02,11:25,4,0,01F0578S,01H0610S,31,82,41
2024/05/02,11:30,4,0,01F0584N,01F0557N,31,93,131
2024/05/02,11:30,4,0,01F0633N,01F0584N,31,93,64
2024/05/02,11:30,4,0,01F0578S,01F0633S,31,90,69
2024/05/02,11:30,4,0,01F0633S,01F0664S,31,93,100
2024/05/02,11:30,4,0,01F0633N,01H0579N,31,90,17
2024/05/02,11:30,4,0,01F0578S,01H0610S,31,86,41
2024/05/02,11:35,4,0,01F0584N,01F0557N,31,93,89
2024/05/02,11:35,4,0,01F0633N,01F0584N,31,50,106
2024/05/02,11:35,4,0,01F0578S,01F0633S,31,86,74
2024/05/02,11:35,4,0,01F0633S,01F0664S,31,90,89
2024/05/02,11:35,4,0,01F0633N,01H0579N,31,46,25
2024/05/02,11:35,4,0,01F0578S,01H0610S,31,75,42
2024/05/02,11:40,4,0,01F0584N,01F0557N,31,93,119
2024/05/02,11:40,4,0,01F0633N,01F0584N,31,57,96
2024/05/02,11:40,4,0,01F0578S,01F0633S,31,75,100
2024/05/02,11:40,4,0,01F0633S,01F0664S,31,90,101
2024/05/02,11:40,4,0,01F0633N,01H0579N,31,54,39
2024/05/02,11:40,4,0,01F0578S,01H0610S,31,64,43
2024/05/02,11:45,4,0,01F0584N,01F0557N,31,90,158
2024/05/02,11:45,4,0,01F0633N,01F0584N,31,64,141
2024/05/02,11:45,4,0,01F0578S,01F0633S,31,75,87
2024/05/02,11:45,4,0,01F0633S,01F0664S,31,86,115
2024/05/02,11:45,4,0,01F0633N,01H0579N,31,61,36
2024/05/02,11:45,4,0,01F0578S,01H0610S,31,64,59
2024/05/02,11:50,4,0,01F0584N,01F0557N,31,86,163
2024/05/02,11:50,4,0,01F0633N,01F0584N,31,75,124
2024/05/02,11:50,4,0,01F0578S,01F0633S,31,73,108
2024/05/02,11:50,4,0,01F0633S,01F0664S,31,86,100
2024/05/02,11:50,4,0,01F0633N,01H0579N,31,68,44
2024/05/02,11:50,4,0,01F0578S,01H0610S,31,72,53
2024/05/02,11:55,4,0,01F0584N,01F0557N,31,90,155
2024/05/02,11:55,4,0,01F0633N,01F0584N,31,79,135
2024/05/02,11:55,4,0,01F0578S,01F0633S,31,86,83
2024/05/02,11:55,4,0,01F0633S,01F0664S,31,90,100
2024/05/02,11:55,4,0,01F0633N,01H0579N,31,77,48
2024/05/02,11:55,4,0,01F0578S,01H0610S,31,79,32
2024/05/02,12:00,4,0,01F0584N,01F0557N,31,90,140
2024/05/02,12:00,4,0,01F0633N,01F0584N,31,90,128
2024/05/02,12:00,4,0,01F0578S,01F0633S,31,82,107
2024/05/02,12:00,4,0,01F0633S,01F0664S,31,90,115
2024/05/02,12:00,4,0,01F0633N,01H0579N,31,86,32
2024/05/02,12:00,4,0,01F0578S,01H0610S,31,79,55
2024/05/02,12:05,4,0,01F0584N,01F0557N,31,90,151
2024/05/02,12:05,4,0,01F0633N,01F0584N,31,90,119
2024/05/02,12:05,4,0,01F0578S,01F0633S,31,86,93
2024/05/02,12:05,4,0,01F0633S,01F0664S,31,90,111
2024/05/02,12:05,4,0,01F0633N,01H0579N,31,90,38
2024/05/02,12:05,4,0,01F0578S,01H0610S,31,82,45
2024/05/02,12:10,4,0,01F0584N,01F0557N,31,90,149
2024/05/02,12:10,4,0,01F0633N,01F0584N,31,90,133
2024/05/02,12:10,4,0,01F0578S,01F0633S,31,86,109
2024/05/02,12:10,4,0,01F0633S,01F0664S,31,82,117
2024/05/02,12:10,4,0,01F0633N,01H0579N,31,88,28
2024/05/02,12:10,4,0,01F0578S,01H0610S,31,86,52
2024/05/02,12:15,4,0,01F0584N,01F0557N,31,90,148
2024/05/02,12:15,4,0,01F0633N,01F0584N,31,90,107
2024/05/02,12:15,4,0,01F0578S,01F0633S,31,90,80
2024/05/02,12:15,4,0,01F0633S,01F0664S,31,93,101
2024/05/02,12:15,4,0,01F0633N,01H0579N,31,86,39
2024/05/02,12:15,4,0,01F0578S,01H0610S,31,82,41
2024/05/02,12:20,4,0,01F0584N,01F0557N,31,90,155
2024/05/02,12:20,4,0,01F0633N,01F0584N,31,86,142
2024/05/02,12:20,4,0,01F0578S,01F0633S,31,79,89
2024/05/02,12:20,4,0,01F0633S,01F0664S,31,97,83
2024/05/02,12:20,4,0,01F0633N,01H0579N,31,90,35
2024/05/02,12:20,4,0,01F0578S,01H0610S,31,72,35
2024/05/02,12:25,4,0,01F0584N,01F0557N,31,90,178
2024/05/02,12:25,4,0,01F0633N,01F0584N,31,93,137
2024/05/02,12:25,4,0,01F0578S,01F0633S,31,79,109
2024/05/02,12:25,4,0,01F0633S,01F0664S,31,90,116
2024/05/02,12:25,4,0,01F0633N,01H0579N,31,90,42
2024/05/02,12:25,4,0,01F0578S,01H0610S,31,72,46
2024/05/02,12:30,4,0,01F0584N,01F0557N,31,93,146
2024/05/02,12:30,4,0,01F0633N,01F0584N,31,93,103
2024/05/02,12:30,4,0,01F0578S,01F0633S,31,82,115
2024/05/02,12:30,4,0,01F0633S,01F0664S,31,90,122
2024/05/02,12:30,4,0,01F0633N,01H0579N,31,86,41
2024/05/02,12:30,4,0,01F0578S,01H0610S,31,86,47
2024/05/02,12:35,4,0,01F0584N,01F0557N,31,93,159
2024/05/02,12:35,4,0,01F0633N,01F0584N,31,90,138
2024/05/02,12:35,4,0,01F0578S,01F0633S,31,90,107
2024/05/02,12:35,4,0,01F0633S,01F0664S,31,93,133
2024/05/02,12:35,4,0,01F0633N,01H0579N,31,86,39
2024/05/02,12:35,4,0,01F0578S,01H0610S,31,86,48
2024/05/02,12:40,4,0,01F0584N,01F0557N,31,93,164
2024/05/02,12:40,4,0,01F0633N,01F0584N,31,90,140
2024/05/02,12:40,4,0,01F0578S,01F0633S,31,90,89
2024/05/02,12:40,4,0,01F0633S,01F0664S,31,93,98
2024/05/02,12:40,4,0,01F0633N,01H0579N,31,86,49
2024/05/02,12:40,4,0,01F0578S,01H0610S,31,86,49
2024/05/02,12:45,4,0,01F0584N,01F0557N,31,90,162
2024/05/02,12:45,4,0,01F0633N,01F0584N,31,86,149
2024/05/02,12:45,4,0,01F0578S,01F0633S,31,86,110
2024/05/02,12:45,4,0,01F0633S,01F0664S,31,90,110
2024/05/02,12:45,4,0,01F0633N,01H0579N,31,84,46
2024/05/02,12:45,4,0,01F0578S,01H0610S,31,79,51
2024/05/02,12:50,4,0,01F0584N,01F0557N,31,90,166
2024/05/02,12:50,4,0,01F0633N,01F0584N,31,93,117
2024/05/02,12:50,4,0,01F0578S,01F0633S,31,90,97
2024/05/02,12:50,4,0,01F0633S,01F0664S,31,93,107
2024/05/02,12:50,4,0,01F0633N,01H0579N,31,86,36
2024/05/02,12:50,4,0,01F0578S,01H0610S,31,86,40
2024/05/02,12:55,4,0,01F0584N,01F0557N,31,90,174
2024/05/02,12:55,4,0,01F0633N,01F0584N,31,90,137
2024/05/02,12:55,4,0,01F0578S,01F0633S,31,90,99
2024/05/02,12:55,4,0,01F0633S,01F0664S,31,93,102
2024/05/02,12:55,4,0,01F0633N,01H0579N,31,82,38
2024/05/02,12:55,4,0,01F0578S,01H0610S,31,86,51
2024/05/02,13:00,4,0,01F0584N,01F0557N,31,90,162
2024/05/02,13:00,4,0,01F0633N,01F0584N,31,86,121
2024/05/02,13:00,4,0,01F0578S,01F0633S,31,86,90
2024/05/02,13:00,4,0,01F0633S,01F0664S,31,93,100
2024/05/02,13:00,4,0,01F0633N,01H0579N,31,86,37
2024/05/02,13:00,4,0,01F0578S,01H0610S,31,86,41
2024/05/02,13:05,4,0,01F0584N,01F0557N,31,90,163
2024/05/02,13:05,4,0,01F0633N,01F0584N,31,90,113
2024/05/02,13:05,4,0,01F0578S,01F0633S,31,90,98
2024/05/02,13:05,4,0,01F0633S,01F0664S,31,93,120
2024/05/02,13:05,4,0,01F0633N,01H0579N,31,86,38
2024/05/02,13:05,4,0,01F0578S,01H0610S,31,86,46
2024/05/02,13:10,4,0,01F0584N,01F0557N,31,90,159
2024/05/02,13:10,4,0,01F0633N,01F0584N,31,86,137
2024/05/02,13:10,4,0,01F0578S,01F0633S,31,93,95
2024/05/02,13:10,4,0,01F0633S,01F0664S,31,93,102
2024/05/02,13:10,4,0,01F0633N,01H0579N,31,86,32
2024/05/02,13:10,4,0,01F0578S,01H0610S,31,79,53
2024/05/02,13:15,4,0,01F0584N,01F0557N,31,90,172
2024/05/02,13:15,4,0,01F0633N,01F0584N,31,86,140
2024/05/02,13:15,4,0,01F0578S,01F0633S,31,90,111
2024/05/02,13:15,4,0,01F0633S,01F0664S,31,93,116
2024/05/02,13:15,4,0,01F0633N,01H0579N,31,86,49
2024/05/02,13:15,4,0,01F0578S,01H0610S,31,82,45
2024/05/02,13:20,4,0,01F0584N,01F0557N,31,90,173
2024/05/02,13:20,4,0,01F0633N,01F0584N,31,86,134
2024/05/02,13:20,4,0,01F0578S,01F0633S,31,86,125
2024/05/02,13:20,4,0,01F0633S,01F0664S,31,93,130
2024/05/02,13:20,4,0,01F0633N,01H0579N,31,82,38
2024/05/02,13:20,4,0,01F0578S,01H0610S,31,82,34
2024/05/02,13:25,4,0,01F0584N,01F0557N,31,90,183
2024/05/02,13:25,4,0,01F0633N,01F0584N,31,86,126
2024/05/02,13:25,4,0,01F0578S,01F0633S,31,86,110
2024/05/02,13:25,4,0,01F0633S,01F0664S,31,91,134
2024/05/02,13:25,4,0,01F0633N,01H0579N,31,82,51
2024/05/02,13:25,4,0,01F0578S,01H0610S,31,75,45
2024/05/02,13:30,4,0,01F0584N,01F0557N,31,86,158
2024/05/02,13:30,4,0,01F0633N,01F0584N,31,82,120
2024/05/02,13:30,4,0,01F0578S,01F0633S,31,82,98
2024/05/02,13:30,4,0,01F0633S,01F0664S,31,90,113
2024/05/02,13:30,4,0,01F0633N,01H0579N,31,79,45
2024/05/02,13:30,4,0,01F0578S,01H0610S,31,82,61
2024/05/02,13:35,4,0,01F0584N,01F0557N,31,86,159
2024/05/02,13:35,4,0,01F0633N,01F0584N,31,86,151
2024/05/02,13:35,4,0,01F0578S,01F0633S,31,90,98
2024/05/02,13:35,4,0,01F0633S,01F0664S,31,88,116
2024/05/02,13:35,4,0,01F0633N,01H0579N,31,82,47
2024/05/02,13:35,4,0,01F0578S,01H0610S,31,86,55
2024/05/02,13:40,4,0,01F0584N,01F0557N,31,90,164
2024/05/02,13:40,4,0,01F0633N,01F0584N,31,86,138
2024/05/02,13:40,4,0,01F0578S,01F0633S,31,90,92
2024/05/02,13:40,4,0,01F0633S,01F0664S,31,93,107
2024/05/02,13:40,4,0,01F0633N,01H0579N,31,82,40
2024/05/02,13:40,4,0,01F0578S,01H0610S,31,86,46
2024/05/02,13:45,4,0,01F0584N,01F0557N,31,90,158
2024/05/02,13:45,4,0,01F0633N,01F0584N,31,75,109
2024/05/02,13:45,4,0,01F0578S,01F0633S,31,86,108
2024/05/02,13:45,4,0,01F0633S,01F0664S,31,90,101
2024/05/02,13:45,4,0,01F0633N,01H0579N,31,75,26
2024/05/02,13:45,4,0,01F0578S,01H0610S,31,82,46
2024/05/02,13:50,4,0,01F0584N,01F0557N,31,86,141
2024/05/02,13:50,4,0,01F0633N,01F0584N,31,72,122
2024/05/02,13:50,4,0,01F0578S,01F0633S,31,86,118
2024/05/02,13:50,4,0,01F0633S,01F0664S,31,86,107
2024/05/02,13:50,4,0,01F0633N,01H0579N,31,75,46
2024/05/02,13:50,4,0,01F0578S,01H0610S,31,86,41
2024/05/02,13:55,4,0,01F0584N,01F0557N,31,79,180
2024/05/02,13:55,4,0,01F0633N,01F0584N,31,82,144
2024/05/02,13:55,4,0,01F0578S,01F0633S,31,86,100
2024/05/02,13:55,4,0,01F0633S,01F0664S,31,86,129
2024/05/02,13:55,4,0,01F0633N,01H0579N,31,75,43
2024/05/02,13:55,4,0,01F0578S,01H0610S,31,82,47
2024/05/02,14:00,4,0,01F0584N,01F0557N,31,82,162
2024/05/02,14:00,4,0,01F0633N,01F0584N,31,82,124
2024/05/02,14:00,4,0,01F0578S,01F0633S,31,86,108
2024/05/02,14:00,4,0,01F0633S,01F0664S,31,93,108
2024/05/02,14:00,4,0,01F0633N,01H0579N,31,86,38
2024/05/02,14:00,4,0,01F0578S,01H0610S,31,82,47
2024/05/02,14:05,4,0,01F0584N,01F0557N,31,90,155
2024/05/02,14:05,4,0,01F0633N,01F0584N,31,82,127
2024/05/02,14:05,4,0,01F0578S,01F0633S,31,79,117
2024/05/02,14:05,4,0,01F0633S,01F0664S,31,86,124
2024/05/02,14:05,4,0,01F0633N,01H0579N,31,79,43
2024/05/02,14:05,4,0,01F0578S,01H0610S,31,84,42
2024/05/02,14:10,4,0,01F0584N,01F0557N,31,86,168
2024/05/02,14:10,4,0,01F0633N,01F0584N,31,82,118
2024/05/02,14:10,4,0,01F0578S,01F0633S,31,79,82
2024/05/02,14:10,4,0,01F0633S,01F0664S,31,86,105
2024/05/02,14:10,4,0,01F0633N,01H0579N,31,82,53
2024/05/02,14:10,4,0,01F0578S,01H0610S,31,82,56
2024/05/02,14:15,4,0,01F0584N,01F0557N,31,90,168
2024/05/02,14:15,4,0,01F0633N,01F0584N,31,82,138
2024/05/02,14:15,4,0,01F0578S,01F0633S,31,79,100
2024/05/02,14:15,4,0,01F0633S,01F0664S,31,82,111
2024/05/02,14:15,4,0,01F0633N,01H0579N,31,79,44
2024/05/02,14:15,4,0,01F0578S,01H0610S,31,79,42
2024/05/02,14:20,4,0,01F0584N,01F0557N,31,90,164
2024/05/02,14:20,4,0,01F0633N,01F0584N,31,90,117
2024/05/02,14:20,4,0,01F0578S,01F0633S,31,75,109
2024/05/02,14:20,4,0,01F0633S,01F0664S,31,86,103
2024/05/02,14:20,4,0,01F0633N,01H0579N,31,82,31
2024/05/02,14:20,4,0,01F0578S,01H0610S,31,82,46
2024/05/02,14:25,4,0,01F0584N,01F0557N,31,90,157
2024/05/02,14:25,4,0,01F0633N,01F0584N,31,82,126
2024/05/02,14:25,4,0,01F0578S,01F0633S,31,79,95
2024/05/02,14:25,4,0,01F0633S,01F0664S,31,82,97
2024/05/02,14:25,4,0,01F0633N,01H0579N,31,82,28
2024/05/02,14:25,4,0,01F0578S,01H0610S,31,79,54
2024/05/02,14:30,4,0,01F0584N,01F0557N,31,86,177
2024/05/02,14:30,4,0,01F0633N,01F0584N,31,86,114
2024/05/02,14:30,4,0,01F0578S,01F0633S,31,72,103
2024/05/02,14:30,4,0,01F0633S,01F0664S,31,86,99
2024/05/02,14:30,4,0,01F0633N,01H0579N,31,86,42
2024/05/02,14:30,4,0,01F0578S,01H0610S,31,77,40
2024/05/02,14:35,4,0,01F0584N,01F0557N,31,91,140
2024/05/02,14:35,4,0,01F0633N,01F0584N,31,86,121
2024/05/02,14:35,4,0,01F0578S,01F0633S,31,72,85
2024/05/02,14:35,4,0,01F0633S,01F0664S,31,82,109
2024/05/02,14:35,4,0,01F0633N,01H0579N,31,82,37
2024/05/02,14:35,4,0,01F0578S,01H0610S,31,61,55
2024/05/02,14:40,4,0,01F0584N,01F0557N,31,86,179
2024/05/02,14:40,4,0,01F0633N,01F0584N,31,86,123
2024/05/02,14:40,4,0,01F0578S,01F0633S,31,72,98
2024/05/02,14:40,4,0,01F0633S,01F0664S,31,86,82
2024/05/02,14:40,4,0,01F0633N,01H0579N,31,82,41
2024/05/02,14:40,4,0,01F0578S,01H0610S,31,64,52
2024/05/02,14:45,4,0,01F0584N,01F0557N,31,90,176
2024/05/02,14:45,4,0,01F0633N,01F0584N,31,86,118
2024/05/02,14:45,4,0,01F0578S,01F0633S,31,64,80
2024/05/02,14:45,4,0,01F0633S,01F0664S,31,93,91
2024/05/02,14:45,4,0,01F0633N,01H0579N,31,86,31
2024/05/02,14:45,4,0,01F0578S,01H0610S,31,75,51
2024/05/02,14:50,4,0,01F0584N,01F0557N,31,86,156
2024/05/02,14:50,4,0,01F0633N,01F0584N,31,82,136
2024/05/02,14:50,4,0,01F0578S,01F0633S,31,57,85
2024/05/02,14:50,4,0,01F0633S,01F0664S,31,90,108
2024/05/02,14:50,4,0,01F0633N,01H0579N,31,82,41
2024/05/02,14:50,4,0,01F0578S,01H0610S,31,64,64
2024/05/02,14:55,4,0,01F0584N,01F0557N,31,90,152
2024/05/02,14:55,4,0,01F0633N,01F0584N,31,86,122
2024/05/02,14:55,4,0,01F0578S,01F0633S,31,54,100
2024/05/02,14:55,4,0,01F0633S,01F0664S,31,90,94
2024/05/02,14:55,4,0,01F0633N,01H0579N,31,86,41
2024/05/02,14:55,4,0,01F0578S,01H0610S,31,66,64
2024/05/02,15:00,4,0,01F0584N,01F0557N,31,90,155
2024/05/02,15:00,4,0,01F0633N,01F0584N,31,86,122
2024/05/02,15:00,4,0,01F0578S,01F0633S,31,54,91
2024/05/02,15:00,4,0,01F0633S,01F0664S,31,82,91
2024/05/02,15:00,4,0,01F0633N,01H0579N,31,82,46
2024/05/02,15:00,4,0,01F0578S,01H0610S,31,57,63
2024/05/02,15:05,4,0,01F0584N,01F0557N,31,86,168
2024/05/02,15:05,4,0,01F0633N,01F0584N,31,79,134
2024/05/02,15:05,4,0,01F0578S,01F0633S,31,54,110
2024/05/02,15:05,4,0,01F0633S,01F0664S,31,86,98
2024/05/02,15:05,4,0,01F0633N,01H0579N,31,79,35
2024/05/02,15:05,4,0,01F0578S,01H0610S,31,61,58
2024/05/02,15:10,4,0,01F0584N,01F0557N,31,82,176
2024/05/02,15:10,4,0,01F0633N,01F0584N,31,82,140
2024/05/02,15:10,4,0,01F0578S,01F0633S,31,57,107
2024/05/02,15:10,4,0,01F0633S,01F0664S,31,90,98
2024/05/02,15:10,4,0,01F0633N,01H0579N,31,79,31
2024/05/02,15:10,4,0,01F0578S,01H0610S,31,64,64
2024/05/02,15:15,4,0,01F0584N,01F0557N,31,86,168
2024/05/02,15:15,4,0,01F0633N,01F0584N,31,82,127
2024/05/02,15:15,4,0,01F0578S,01F0633S,31,57,114
2024/05/02,15:15,4,0,01F0633S,01F0664S,31,86,122
2024/05/02,15:15,4,0,01F0633N,01H0579N,31,82,43
2024/05/02,15:15,4,0,01F0578S,01H0610S,31,72,53
2024/05/02,15:20,4,0,01F0584N,01F0557N,31,86,171
2024/05/02,15:20,4,0,01F0633N,01F0584N,31,82,133
2024/05/02,15:20,4,0,01F0578S,01F0633S,31,57,123
2024/05/02,15:20,4,0,01F0633S,01F0664S,31,82,111
2024/05/02,15:20,4,0,01F0633N,01H0579N,31,82,46
2024/05/02,15:20,4,0,01F0578S,01H0610S,31,64,67
2024/05/02,15:25,4,0,01F0584N,01F0557N,31,86,161
2024/05/02,15:25,4,0,01F0633N,01F0584N,31,82,120
2024/05/02,15:25,4,0,01F0578S,01F0633S,31,72,102
2024/05/02,15:25,4,0,01F0633S,01F0664S,31,86,125
2024/05/02,15:25,4,0,01F0633N,01H0579N,31,75,51
2024/05/02,15:25,4,0,01F0578S,01H0610S,31,75,53
2024/05/02,15:30,4,0,01F0584N,01F0557N,31,86,172
2024/05/02,15:30,4,0,01F0633N,01F0584N,31,82,129
2024/05/02,15:30,4,0,01F0578S,01F0633S,31,72,84
2024/05/02,15:30,4,0,01F0633S,01F0664S,31,79,109
2024/05/02,15:30,4,0,01F0633N,01H0579N,31,82,45
2024/05/02,15:30,4,0,01F0578S,01H0610S,31,79,65
2024/05/02,15:35,4,0,01F0584N,01F0557N,31,86,181
2024/05/02,15:35,4,0,01F0633N,01F0584N,31,82,141
2024/05/02,15:35,4,0,01F0578S,01F0633S,31,75,96
2024/05/02,15:35,4,0,01F0633S,01F0664S,31,86,106
2024/05/02,15:35,4,0,01F0633N,01H0579N,31,82,31
2024/05/02,15:35,4,0,01F0578S,01H0610S,31,79,51
2024/05/02,15:40,4,0,01F0584N,01F0557N,31,90,171
2024/05/02,15:40,4,0,01F0633N,01F0584N,31,82,134
2024/05/02,15:40,4,0,01F0578S,01F0633S,31,75,112
2024/05/02,15:40,4,0,01F0633S,01F0664S,31,90,122
2024/05/02,15:40,4,0,01F0633N,01H0579N,31,82,43
2024/05/02,15:40,4,0,01F0578S,01H0610S,31,79,62
2024/05/02,15:45,4,0,01F0584N,01F0557N,31,86,186
2024/05/02,15:45,4,0,01F0633N,01F0584N,31,82,146
2024/05/02,15:45,4,0,01F0578S,01F0633S,31,79,121
2024/05/02,15:45,4,0,01F0633S,01F0664S,31,90,117
2024/05/02,15:45,4,0,01F0633N,01H0579N,31,79,51
2024/05/02,15:45,4,0,01F0578S,01H0610S,31,86,63
2024/05/02,15:50,4,0,01F0584N,01F0557N,31,90,168
2024/05/02,15:50,4,0,01F0633N,01F0584N,31,82,121
2024/05/02,15:50,4,0,01F0578S,01F0633S,31,82,106
2024/05/02,15:50,4,0,01F0633S,01F0664S,31,90,107
2024/05/02,15:50,4,0,01F0633N,01H0579N,31,82,37
2024/05/02,15:50,4,0,01F0578S,01H0610S,31,75,40
2024/05/02,15:55,4,0,01F0584N,01F0557N,31,82,180
2024/05/02,15:55,4,0,01F0633N,01F0584N,31,79,158
2024/05/02,15:55,4,0,01F0578S,01F0633S,31,75,94
2024/05/02,15:55,4,0,01F0633S,01F0664S,31,90,106
2024/05/02,15:55,4,0,01F0633N,01H0579N,31,79,53
2024/05/02,15:55,4,0,01F0578S,01H0610S,31,68,47
2024/05/02,16:00,4,0,01F0584N,01F0557N,31,86,175
2024/05/02,16:00,4,0,01F0633N,01F0584N,31,86,116
2024/05/02,16:00,4,0,01F0578S,01F0633S,31,72,128
2024/05/02,16:00,4,0,01F0633S,01F0664S,31,93,108
2024/05/02,16:00,4,0,01F0633N,01H0579N,31,79,29
2024/05/02,16:00,4,0,01F0578S,01H0610S,31,75,85
2024/05/02,16:05,4,0,01F0584N,01F0557N,31,88,160
2024/05/02,16:05,4,0,01F0633N,01F0584N,31,79,147
2024/05/02,16:05,4,0,01F0578S,01F0633S,31,79,124
2024/05/02,16:05,4,0,01F0633S,01F0664S,31,86,126
2024/05/02,16:05,4,0,01F0633N,01H0579N,31,75,44
2024/05/02,16:05,4,0,01F0578S,01H0610S,31,82,53
2024/05/02,16:10,4,0,01F0584N,01F0557N,31,86,186
2024/05/02,16:10,4,0,01F0633N,01F0584N,31,68,139
2024/05/02,16:10,4,0,01F0578S,01F0633S,31,82,107
2024/05/02,16:10,4,0,01F0633S,01F0664S,31,93,106
2024/05/02,16:10,4,0,01F0633N,01H0579N,31,68,44
2024/05/02,16:10,4,0,01F0578S,01H0610S,31,75,70
2024/05/02,16:15,4,0,01F0584N,01F0557N,31,82,194
2024/05/02,16:15,4,0,01F0633N,01F0584N,31,68,144
2024/05/02,16:15,4,0,01F0578S,01F0633S,31,79,92
2024/05/02,16:15,4,0,01F0633S,01F0664S,31,93,115
2024/05/02,16:15,4,0,01F0633N,01H0579N,31,64,55
2024/05/02,16:15,4,0,01F0578S,01H0610S,31,68,61
2024/05/02,16:20,4,0,01F0584N,01F0557N,31,86,183
2024/05/02,16:20,4,0,01F0633N,01F0584N,31,61,145
2024/05/02,16:20,4,0,01F0578S,01F0633S,31,72,109
2024/05/02,16:20,4,0,01F0633S,01F0664S,31,86,102
2024/05/02,16:20,4,0,01F0633N,01H0579N,31,61,54
2024/05/02,16:20,4,0,01F0578S,01H0610S,31,72,60
2024/05/02,16:25,4,0,01F0584N,01F0557N,31,82,185
2024/05/02,16:25,4,0,01F0633N,01F0584N,31,57,150
2024/05/02,16:25,4,0,01F0578S,01F0633S,31,64,123
2024/05/02,16:25,4,0,01F0633S,01F0664S,31,86,121
2024/05/02,16:25,4,0,01F0633N,01H0579N,31,59,48
2024/05/02,16:25,4,0,01F0578S,01H0610S,31,61,48
2024/05/02,16:30,4,0,01F0584N,01F0557N,31,82,212
2024/05/02,16:30,4,0,01F0633N,01F0584N,31,61,153
2024/05/02,16:30,4,0,01F0578S,01F0633S,31,61,118
2024/05/02,16:30,4,0,01F0633S,01F0664S,31,90,114
2024/05/02,16:30,4,0,01F0633N,01H0579N,31,61,40
2024/05/02,16:30,4,0,01F0578S,01H0610S,31,57,69
2024/05/02,16:35,4,0,01F0584N,01F0557N,31,82,191
2024/05/02,16:35,4,0,01F0633N,01F0584N,31,64,156
2024/05/02,16:35,4,0,01F0578S,01F0633S,31,64,107
2024/05/02,16:35,4,0,01F0633S,01F0664S,31,93,134
2024/05/02,16:35,4,0,01F0633N,01H0579N,31,61,46
2024/05/02,16:35,4,0,01F0578S,01H0610S,31,54,65
2024/05/02,16:40,4,0,01F0584N,01F0557N,31,82,204
2024/05/02,16:40,4,0,01F0633N,01F0584N,31,57,151
2024/05/02,16:40,4,0,01F0578S,01F0633S,31,54,96
2024/05/02,16:40,4,0,01F0633S,01F0664S,31,90,119
2024/05/02,16:40,4,0,01F0633N,01H0579N,31,57,61
2024/05/02,16:40,4,0,01F0578S,01H0610S,31,46,56
2024/05/02,16:45,4,0,01F0584N,01F0557N,31,79,211
2024/05/02,16:45,4,0,01F0633N,01F0584N,31,61,152
2024/05/02,16:45,4,0,01F0578S,01F0633S,31,50,107
2024/05/02,16:45,4,0,01F0633S,01F0664S,31,91,124
2024/05/02,16:45,4,0,01F0633N,01H0579N,31,57,56
2024/05/02,16:45,4,0,01F0578S,01H0610S,31,46,61
2024/05/02,16:50,4,0,01F0584N,01F0557N,31,68,205
2024/05/02,16:50,4,0,01F0633N,01F0584N,31,68,154
2024/05/02,16:50,4,0,01F0578S,01F0633S,31,50,107
2024/05/02,16:50,4,0,01F0633S,01F0664S,31,90,113
2024/05/02,16:50,4,0,01F0633N,01H0579N,31,64,50
2024/05/02,16:50,4,0,01F0578S,01H0610S,31,43,61
2024/05/02,16:55,4,0,01F0584N,01F0557N,31,68,209
2024/05/02,16:55,4,0,01F0633N,01F0584N,31,64,156
2024/05/02,16:55,4,0,01F0578S,01F0633S,31,50,120
2024/05/02,16:55,4,0,01F0633S,01F0664S,31,86,116
2024/05/02,16:55,4,0,01F0633N,01H0579N,31,64,48
2024/05/02,16:55,4,0,01F0578S,01H0610S,31,46,82
2024/05/02,17:00,4,0,01F0584N,01F0557N,31,61,195
2024/05/02,17:00,4,0,01F0633N,01F0584N,31,68,143
2024/05/02,17:00,4,0,01F0578S,01F0633S,31,50,134
2024/05/02,17:00,4,0,01F0633S,01F0664S,31,82,107
2024/05/02,17:00,4,0,01F0633N,01H0579N,31,64,43
2024/05/02,17:00,4,0,01F0578S,01H0610S,31,52,62
2024/05/02,17:05,4,0,01F0584N,01F0557N,31,61,210
2024/05/02,17:05,4,0,01F0633N,01F0584N,31,64,153
2024/05/02,17:05,4,0,01F0578S,01F0633S,31,50,89
2024/05/02,17:05,4,0,01F0633S,01F0664S,31,72,156
2024/05/02,17:05,4,0,01F0633N,01H0579N,31,64,51
2024/05/02,17:05,4,0,01F0578S,01H0610S,31,43,66
2024/05/02,17:10,4,0,01F0584N,01F0557N,31,54,203
2024/05/02,17:10,4,0,01F0633N,01F0584N,31,68,145
2024/05/02,17:10,4,0,01F0578S,01F0633S,31,46,121
2024/05/02,17:10,4,0,01F0633S,01F0664S,31,86,126
2024/05/02,17:10,4,0,01F0633N,01H0579N,31,64,49
2024/05/02,17:10,4,0,01F0578S,01H0610S,31,50,78
2024/05/02,17:15,4,0,01F0584N,01F0557N,31,54,230
2024/05/02,17:15,4,0,01F0633N,01F0584N,31,61,203
2024/05/02,17:15,4,0,01F0578S,01F0633S,31,50,115
2024/05/02,17:15,4,0,01F0633S,01F0664S,31,90,114
2024/05/02,17:15,4,0,01F0633N,01H0579N,31,64,57
2024/05/02,17:15,4,0,01F0578S,01H0610S,31,50,52
2024/05/02,17:20,4,0,01F0584N,01F0557N,31,54,207
2024/05/02,17:20,4,0,01F0633N,01F0584N,31,64,152
2024/05/02,17:20,4,0,01F0578S,01F0633S,31,50,117
2024/05/02,17:20,4,0,01F0633S,01F0664S,31,90,108
2024/05/02,17:20,4,0,01F0633N,01H0579N,31,64,53
2024/05/02,17:20,4,0,01F0578S,01H0610S,31,39,85
2024/05/02,17:25,4,0,01F0584N,01F0557N,31,46,212
2024/05/02,17:25,4,0,01F0633N,01F0584N,31,64,150
2024/05/02,17:25,4,0,01F0578S,01F0633S,31,50,116
2024/05/02,17:25,4,0,01F0633S,01F0664S,31,93,137
2024/05/02,17:25,4,0,01F0633N,01H0579N,31,61,62
2024/05/02,17:25,4,0,01F0578S,01H0610S,31,43,54
2024/05/02,17:30,4,0,01F0584N,01F0557N,31,46,210
2024/05/02,17:30,4,0,01F0633N,01F0584N,31,64,168
2024/05/02,17:30,4,0,01F0578S,01F0633S,31,43,112
2024/05/02,17:30,4,0,01F0633S,01F0664S,31,90,141
2024/05/02,17:30,4,0,01F0633N,01H0579N,31,61,54
2024/05/02,17:30,4,0,01F0578S,01H0610S,31,36,63
2024/05/02,17:35,4,0,01F0584N,01F0557N,31,50,209
2024/05/02,17:35,4,0,01F0633N,01F0584N,31,61,164
2024/05/02,17:35,4,0,01F0578S,01F0633S,31,43,94
2024/05/02,17:35,4,0,01F0633S,01F0664S,31,93,122
2024/05/02,17:35,4,0,01F0633N,01H0579N,31,59,58
2024/05/02,17:35,4,0,01F0578S,01H0610S,31,36,75
2024/05/02,17:40,4,0,01F0584N,01F0557N,31,50,176
2024/05/02,17:40,4,0,01F0633N,01F0584N,31,61,165
2024/05/02,17:40,4,0,01F0578S,01F0633S,31,43,95
2024/05/02,17:40,4,0,01F0633S,01F0664S,31,93,123
2024/05/02,17:40,4,0,01F0633N,01H0579N,31,61,47
2024/05/02,17:40,4,0,01F0578S,01H0610S,31,36,90
2024/05/02,17:45,4,0,01F0584N,01F0557N,31,43,232
2024/05/02,17:45,4,0,01F0633N,01F0584N,31,72,165
2024/05/02,17:45,4,0,01F0578S,01F0633S,31,43,105
2024/05/02,17:45,4,0,01F0633S,01F0664S,31,93,135
2024/05/02,17:45,4,0,01F0633N,01H0579N,31,64,41
2024/05/02,17:45,4,0,01F0578S,01H0610S,31,39,76
2024/05/02,17:50,4,0,01F0584N,01F0557N,31,50,249
2024/05/02,17:50,4,0,01F0633N,01F0584N,31,72,173
2024/05/02,17:50,4,0,01F0578S,01F0633S,31,43,116
2024/05/02,17:50,4,0,01F0633S,01F0664S,31,93,121
2024/05/02,17:50,4,0,01F0633N,01H0579N,31,72,61
2024/05/02,17:50,4,0,01F0578S,01H0610S,31,39,70
2024/05/02,17:55,4,0,01F0584N,01F0557N,31,54,233
2024/05/02,17:55,4,0,01F0633N,01F0584N,31,79,168
2024/05/02,17:55,4,0,01F0578S,01F0633S,31,39,113
2024/05/02,17:55,4,0,01F0633S,01F0664S,31,90,128
2024/05/02,17:55,4,0,01F0633N,01H0579N,31,82,59
2024/05/02,17:55,4,0,01F0578S,01H0610S,31,36,68
2024/05/02,18:00,4,0,01F0584N,01F0557N,31,54,182
2024/05/02,18:00,4,0,01F0633N,01F0584N,31,82,154
2024/05/02,18:00,4,0,01F0578S,01F0633S,31,39,96
2024/05/02,18:00,4,0,01F0633S,01F0664S,31,93,128
2024/05/02,18:00,4,0,01F0633N,01H0579N,31,79,47
2024/05/02,18:00,4,0,01F0578S,01H0610S,31,36,72
2024/05/02,18:05,4,0,01F0584N,01F0557N,31,54,203
2024/05/02,18:05,4,0,01F0633N,01F0584N,31,82,138
2024/05/02,18:05,4,0,01F0578S,01F0633S,31,39,111
2024/05/02,18:05,4,0,01F0633S,01F0664S,31,93,108
2024/05/02,18:05,4,0,01F0633N,01H0579N,31,82,31
2024/05/02,18:05,4,0,01F0578S,01H0610S,31,36,70
2024/05/02,18:10,4,0,01F0584N,01F0557N,31,57,156
2024/05/02,18:10,4,0,01F0633N,01F0584N,31,90,135
2024/05/02,18:10,4,0,01F0578S,01F0633S,31,43,97
2024/05/02,18:10,4,0,01F0633S,01F0664S,31,93,128
2024/05/02,18:10,4,0,01F0633N,01H0579N,31,86,33
2024/05/02,18:10,4,0,01F0578S,01H0610S,31,32,83
2024/05/02,18:15,4,0,01F0584N,01F0557N,31,61,178
2024/05/02,18:15,4,0,01F0633N,01F0584N,31,90,132
2024/05/02,18:15,4,0,01F0578S,01F0633S,31,46,111
2024/05/02,18:15,4,0,01F0633S,01F0664S,31,90,136
2024/05/02,18:15,4,0,01F0633N,01H0579N,31,86,39
2024/05/02,18:15,4,0,01F0578S,01H0610S,31,39,70
2024/05/02,18:20,4,0,01F0584N,01F0557N,31,72,191
2024/05/02,18:20,4,0,01F0633N,01F0584N,31,86,157
2024/05/02,18:20,4,0,01F0578S,01F0633S,31,46,126
2024/05/02,18:20,4,0,01F0633S,01F0664S,31,90,125
2024/05/02,18:20,4,0,01F0633N,01H0579N,31,82,51
2024/05/02,18:20,4,0,01F0578S,01H0610S,31,43,95
2024/05/02,18:25,4,0,01F0584N,01F0557N,31,79,205
2024/05/02,18:25,4,0,01F0633N,01F0584N,31,86,158
2024/05/02,18:25,4,0,01F0578S,01F0633S,31,50,111
2024/05/02,18:25,4,0,01F0633S,01F0664S,31,86,139
2024/05/02,18:25,4,0,01F0633N,01H0579N,31,86,43
2024/05/02,18:25,4,0,01F0578S,01H0610S,31,46,69
2024/05/02,18:30,4,0,01F0584N,01F0557N,31,75,179
2024/05/02,18:30,4,0,01F0633N,01F0584N,31,90,146
2024/05/02,18:30,4,0,01F0578S,01F0633S,31,46,109
2024/05/02,18:30,4,0,01F0633S,01F0664S,31,86,128
2024/05/02,18:30,4,0,01F0633N,01H0579N,31,90,26
2024/05/02,18:30,4,0,01F0578S,01H0610S,31,50,71
2024/05/02,18:35,4,0,01F0584N,01F0557N,31,75,198
2024/05/02,18:35,4,0,01F0633N,01F0584N,31,90,153
2024/05/02,18:35,4,0,01F0578S,01F0633S,31,43,139
2024/05/02,18:35,4,0,01F0633S,01F0664S,31,86,114
2024/05/02,18:35,4,0,01F0633N,01H0579N,31,82,44
2024/05/02,18:35,4,0,01F0578S,01H0610S,31,39,60
2024/05/02,18:40,4,0,01F0584N,01F0557N,31,90,195
2024/05/02,18:40,4,0,01F0633N,01F0584N,31,90,137
2024/05/02,18:40,4,0,01F0578S,01F0633S,31,43,109
2024/05/02,18:40,4,0,01F0633S,01F0664S,31,82,129
2024/05/02,18:40,4,0,01F0633N,01H0579N,31,86,35
2024/05/02,18:40,4,0,01F0578S,01H0610S,31,36,76
2024/05/02,18:45,4,0,01F0584N,01F0557N,31,90,180
2024/05/02,18:45,4,0,01F0633N,01F0584N,31,93,140
2024/05/02,18:45,4,0,01F0578S,01F0633S,31,50,136
2024/05/02,18:45,4,0,01F0633S,01F0664S,31,79,144
2024/05/02,18:45,4,0,01F0633N,01H0579N,31,90,37
2024/05/02,18:45,4,0,01F0578S,01H0610S,31,46,84
2024/05/02,18:50,4,0,01F0584N,01F0557N,31,91,176
2024/05/02,18:50,4,0,01F0633N,01F0584N,31,90,165
2024/05/02,18:50,4,0,01F0578S,01F0633S,31,50,138
2024/05/02,18:50,4,0,01F0633S,01F0664S,31,82,133
2024/05/02,18:50,4,0,01F0633N,01H0579N,31,86,32
2024/05/02,18:50,4,0,01F0578S,01H0610S,31,57,57
2024/05/02,18:55,4,0,01F0584N,01F0557N,31,90,186
2024/05/02,18:55,4,0,01F0633N,01F0584N,31,90,141
2024/05/02,18:55,4,0,01F0578S,01F0633S,31,57,115
2024/05/02,18:55,4,0,01F0633S,01F0664S,31,90,104
2024/05/02,18:55,4,0,01F0633N,01H0579N,31,86,29
2024/05/02,18:55,4,0,01F0578S,01H0610S,31,68,61
2024/05/02,19:00,4,0,01F0584N,01F0557N,31,90,200
2024/05/02,19:00,4,0,01F0633N,01F0584N,31,90,144
2024/05/02,19:00,4,0,01F0578S,01F0633S,31,57,119
2024/05/02,19:00,4,0,01F0633S,01F0664S,31,86,135
2024/05/02,19:00,4,0,01F0633N,01H0579N,31,86,35
2024/05/02,19:00,4,0,01F0578S,01H0610S,31,75,54
2024/05/02,19:05,4,0,01F0584N,01F0557N,31,93,140
2024/05/02,19:05,4,0,01F0633N,01F0584N,31,93,127
2024/05/02,19:05,4,0,01F0578S,01F0633S,31,64,111
2024/05/02,19:05,4,0,01F0633S,01F0664S,31,90,111
2024/05/02,19:05,4,0,01F0633N,01H0579N,31,86,33
2024/05/02,19:05,4,0,01F0578S,01H0610S,31,75,55
2024/05/02,19:10,4,0,01F0584N,01F0557N,31,97,156
2024/05/02,19:10,4,0,01F0633N,01F0584N,31,97,120
2024/05/02,19:10,4,0,01F0578S,01F0633S,31,68,95
2024/05/02,19:10,4,0,01F0633S,01F0664S,31,86,117
2024/05/02,19:10,4,0,01F0633N,01H0579N,31,91,22
2024/05/02,19:10,4,0,01F0578S,01H0610S,31,86,42
2024/05/02,19:15,4,0,01F0584N,01F0557N,31,90,178
2024/05/02,19:15,4,0,01F0633N,01F0584N,31,93,154
2024/05/02,19:15,4,0,01F0578S,01F0633S,31,72,125
2024/05/02,19:15,4,0,01F0633S,01F0664S,31,86,101
2024/05/02,19:15,4,0,01F0633N,01H0579N,31,86,35
2024/05/02,19:15,4,0,01F0578S,01H0610S,31,86,61
2024/05/02,19:20,4,0,01F0584N,01F0557N,31,93,174
2024/05/02,19:20,4,0,01F0633N,01F0584N,31,93,136
2024/05/02,19:20,4,0,01F0578S,01F0633S,31,82,110
2024/05/02,19:20,4,0,01F0633S,01F0664S,31,86,142
2024/05/02,19:20,4,0,01F0633N,01H0579N,31,88,26
2024/05/02,19:20,4,0,01F0578S,01H0610S,31,86,43
2024/05/02,19:25,4,0,01F0584N,01F0557N,31,93,179
2024/05/02,19:25,4,0,01F0633N,01F0584N,31,90,162
2024/05/02,19:25,4,0,01F0578S,01F0633S,31,79,118
2024/05/02,19:25,4,0,01F0633S,01F0664S,31,82,117
2024/05/02,19:25,4,0,01F0633N,01H0579N,31,86,40
2024/05/02,19:25,4,0,01F0578S,01H0610S,31,86,45
2024/05/02,19:30,4,0,01F0584N,01F0557N,31,90,175
2024/05/02,19:30,4,0,01F0633N,01F0584N,31,93,139
2024/05/02,19:30,4,0,01F0578S,01F0633S,31,93,91
2024/05/02,19:30,4,0,01F0633S,01F0664S,31,90,115
2024/05/02,19:30,4,0,01F0633N,01H0579N,31,90,38
2024/05/02,19:30,4,0,01F0578S,01H0610S,31,86,48
2024/05/02,19:35,4,0,01F0584N,01F0557N,31,93,166
2024/05/02,19:35,4,0,01F0633N,01F0584N,31,93,135
2024/05/02,19:35,4,0,01F0578S,01F0633S,31,93,106
2024/05/02,19:35,4,0,01F0633S,01F0664S,31,93,115
2024/05/02,19:35,4,0,01F0633N,01H0579N,31,90,39
2024/05/02,19:35,4,0,01F0578S,01H0610S,31,86,45
2024/05/02,19:40,4,0,01F0584N,01F0557N,31,97,140
2024/05/02,19:40,4,0,01F0633N,01F0584N,31,93,128
2024/05/02,19:40,4,0,01F0578S,01F0633S,31,93,109
2024/05/02,19:40,4,0,01F0633S,01F0664S,31,90,92
2024/05/02,19:40,4,0,01F0633N,01H0579N,31,97,16
2024/05/02,19:40,4,0,01F0578S,01H0610S,31,90,36
2024/05/02,19:45,4,0,01F0584N,01F0557N,31,97,140
2024/05/02,19:45,4,0,01F0633N,01F0584N,31,93,140
2024/05/02,19:45,4,0,01F0578S,01F0633S,31,90,107
2024/05/02,19:45,4,0,01F0633S,01F0664S,31,90,115
2024/05/02,19:45,4,0,01F0633N,01H0579N,31,90,19
2024/05/02,19:45,4,0,01F0578S,01H0610S,31,86,39
2024/05/02,19:50,4,0,01F0584N,01F0557N,31,90,187
2024/05/02,19:50,4,0,01F0633N,01F0584N,31,95,134
2024/05/02,19:50,4,0,01F0578S,01F0633S,31,93,104
2024/05/02,19:50,4,0,01F0633S,01F0664S,31,90,113
2024/05/02,19:50,4,0,01F0633N,01H0579N,31,90,21
2024/05/02,19:50,4,0,01F0578S,01H0610S,31,90,43
2024/05/02,19:55,4,0,01F0584N,01F0557N,31,97,137
2024/05/02,19:55,4,0,01F0633N,01F0584N,31,95,116
2024/05/02,19:55,4,0,01F0578S,01F0633S,31,90,137
2024/05/02,19:55,4,0,01F0633S,01F0664S,31,97,118
2024/05/02,19:55,4,0,01F0633N,01H0579N,31,93,18
2024/05/02,19:55,4,0,01F0578S,01H0610S,31,86,34
2024/05/02,20:00,4,0,01F0584N,01F0557N,31,93,128
2024/05/02,20:00,4,0,01F0633N,01F0584N,31,93,133
2024/05/02,20:00,4,0,01F0578S,01F0633S,31,93,112
2024/05/02,20:00,4,0,01F0633S,01F0664S,31,91,116
2024/05/02,20:00,4,0,01F0633N,01H0579N,31,93,23
2024/05/02,20:00,4,0,01F0578S,01H0610S,31,90,40
2024/05/02,20:05,4,0,01F0584N,01F0557N,31,93,149
2024/05/02,20:05,4,0,01F0633N,01F0584N,31,97,114
2024/05/02,20:05,4,0,01F0578S,01F0633S,31,93,102
2024/05/02,20:05,4,0,01F0633S,01F0664S,31,93,76
2024/05/02,20:05,4,0,01F0633N,01H0579N,31,93,22
2024/05/02,20:05,4,0,01F0578S,01H0610S,31,90,39
2024/05/02,20:10,4,0,01F0584N,01F0557N,31,97,148
2024/05/02,20:10,4,0,01F0633N,01F0584N,31,97,103
2024/05/02,20:10,4,0,01F0578S,01F0633S,31,93,108
2024/05/02,20:10,4,0,01F0633S,01F0664S,31,97,96
2024/05/02,20:10,4,0,01F0633N,01H0579N,31,90,19
2024/05/02,20:10,4,0,01F0578S,01H0610S,31,90,30
2024/05/02,20:15,4,0,01F0584N,01F0557N,31,97,142
2024/05/02,20:15,4,0,01F0633N,01F0584N,31,93,145
2024/05/02,20:15,4,0,01F0578S,01F0633S,31,97,95
2024/05/02,20:15,4,0,01F0633S,01F0664S,31,97,108
2024/05/02,20:15,4,0,01F0633N,01H0579N,31,93,28
2024/05/02,20:15,4,0,01F0578S,01H0610S,31,93,31
2024/05/02,20:20,4,0,01F0584N,01F0557N,31,93,177
2024/05/02,20:20,4,0,01F0633N,01F0584N,31,97,154
2024/05/02,20:20,4,0,01F0578S,01F0633S,31,93,109
2024/05/02,20:20,4,0,01F0633S,01F0664S,31,90,99
2024/05/02,20:20,4,0,01F0633N,01H0579N,31,91,26
2024/05/02,20:20,4,0,01F0578S,01H0610S,31,93,35
2024/05/02,20:25,4,0,01F0584N,01F0557N,31,97,161
2024/05/02,20:25,4,0,01F0633N,01F0584N,31,97,107
2024/05/02,20:25,4,0,01F0578S,01F0633S,31,93,81
2024/05/02,20:25,4,0,01F0633S,01F0664S,31,97,110
2024/05/02,20:25,4,0,01F0633N,01H0579N,31,90,26
2024/05/02,20:25,4,0,01F0578S,01H0610S,31,86,37
2024/05/02,20:30,4,0,01F0584N,01F0557N,31,97,134
2024/05/02,20:30,4,0,01F0633N,01F0584N,31,97,107
2024/05/02,20:30,4,0,01F0578S,01F0633S,31,93,115
2024/05/02,20:30,4,0,01F0633S,01F0664S,31,93,89
2024/05/02,20:30,4,0,01F0633N,01H0579N,31,90,30
2024/05/02,20:30,4,0,01F0578S,01H0610S,31,90,26
2024/05/02,20:35,4,0,01F0584N,01F0557N,31,97,110
2024/05/02,20:35,4,0,01F0633N,01F0584N,31,97,94
2024/05/02,20:35,4,0,01F0578S,01F0633S,31,93,98
2024/05/02,20:35,4,0,01F0633S,01F0664S,31,93,103
2024/05/02,20:35,4,0,01F0633N,01H0579N,31,93,23
2024/05/02,20:35,4,0,01F0578S,01H0610S,31,93,28
2024/05/02,20:40,4,0,01F0584N,01F0557N,31,97,136
2024/05/02,20:40,4,0,01F0633N,01F0584N,31,97,120
2024/05/02,20:40,4,0,01F0578S,01F0633S,31,93,86
2024/05/02,20:40,4,0,01F0633S,01F0664S,31,93,88
2024/05/02,20:40,4,0,01F0633N,01H0579N,31,90,26
2024/05/02,20:40,4,0,01F0578S,01H0610S,31,90,31
2024/05/02,20:45,4,0,01F0584N,01F0557N,31,93,144
2024/05/02,20:45,4,0,01F0633N,01F0584N,31,97,120
2024/05/02,20:45,4,0,01F0578S,01F0633S,31,93,102
2024/05/02,20:45,4,0,01F0633S,01F0664S,31,93,86
2024/05/02,20:45,4,0,01F0633N,01H0579N,31,90,24
2024/05/02,20:45,4,0,01F0578S,01H0610S,31,90,29
2024/05/02,20:50,4,0,01F0584N,01F0557N,31,97,157
2024/05/02,20:50,4,0,01F0633N,01F0584N,31,97,120
2024/05/02,20:50,4,0,01F0578S,01F0633S,31,93,96
2024/05/02,20:50,4,0,01F0633S,01F0664S,31,97,99
2024/05/02,20:50,4,0,01F0633N,01H0579N,31,90,24
2024/05/02,20:50,4,0,01F0578S,01H0610S,31,97,23
2024/05/02,20:55,4,0,01F0584N,01F0557N,31,97,148
2024/05/02,20:55,4,0,01F0633N,01F0584N,31,97,103
2024/05/02,20:55,4,0,01F0578S,01F0633S,31,97,91
2024/05/02,20:55,4,0,01F0633S,01F0664S,31,97,98
2024/05/02,20:55,4,0,01F0633N,01H0579N,31,91,26
2024/05/02,20:55,4,0,01F0578S,01H0610S,31,93,22
2024/05/02,21:00,4,0,01F0584N,01F0557N,31,97,129
2024/05/02,21:00,4,0,01F0633N,01F0584N,31,97,102
2024/05/02,21:00,4,0,01F0578S,01F0633S,31,93,83
2024/05/02,21:00,4,0,01F0633S,01F0664S,31,97,81
2024/05/02,21:00,4,0,01F0633N,01H0579N,31,90,23
2024/05/02,21:00,4,0,01F0578S,01H0610S,31,93,36
2024/05/02,21:05,4,0,01F0584N,01F0557N,31,97,123
2024/05/02,21:05,4,0,01F0633N,01F0584N,31,99,104
2024/05/02,21:05,4,0,01F0578S,01F0633S,31,93,98
2024/05/02,21:05,4,0,01F0633S,01F0664S,31,97,90
2024/05/02,21:05,4,0,01F0633N,01H0579N,31,97,25
2024/05/02,21:05,4,0,01F0578S,01H0610S,31,90,32
2024/05/02,21:10,4,0,01F0584N,01F0557N,31,97,127
2024/05/02,21:10,4,0,01F0633N,01F0584N,31,93,107
2024/05/02,21:10,4,0,01F0578S,01F0633S,31,93,90
2024/05/02,21:10,4,0,01F0633S,01F0664S,31,93,111
2024/05/02,21:10,4,0,01F0633N,01H0579N,31,93,21
2024/05/02,21:10,4,0,01F0578S,01H0610S,31,90,28
2024/05/02,21:15,4,0,01F0584N,01F0557N,31,97,155
2024/05/02,21:15,4,0,01F0633N,01F0584N,31,97,118
2024/05/02,21:15,4,0,01F0578S,01F0633S,31,93,87
2024/05/02,21:15,4,0,01F0633S,01F0664S,31,97,96
2024/05/02,21:15,4,0,01F0633N,01H0579N,31,93,22
2024/05/02,21:15,4,0,01F0578S,01H0610S,31,90,29
2024/05/02,21:20,4,0,01F0584N,01F0557N,31,97,114
2024/05/02,21:20,4,0,01F0633N,01F0584N,31,97,103
2024/05/02,21:20,4,0,01F0578S,01F0633S,31,93,83
2024/05/02,21:20,4,0,01F0633S,01F0664S,31,97,87
2024/05/02,21:20,4,0,01F0633N,01H0579N,31,97,18
2024/05/02,21:20,4,0,01F0578S,01H0610S,31,93,27
2024/05/02,21:25,4,0,01F0584N,01F0557N,31,97,128
2024/05/02,21:25,4,0,01F0633N,01F0584N,31,97,86
2024/05/02,21:25,4,0,01F0578S,01F0633S,31,93,84
2024/05/02,21:25,4,0,01F0633S,01F0664S,31,97,88
2024/05/02,21:25,4,0,01F0633N,01H0579N,31,93,24
2024/05/02,21:25,4,0,01F0578S,01H0610S,31,90,31
2024/05/02,21:30,4,0,01F0584N,01F0557N,31,93,121
2024/05/02,21:30,4,0,01F0633N,01F0584N,31,93,80
2024/05/02,21:30,4,0,01F0578S,01F0633S,31,97,88
2024/05/02,21:30,4,0,01F0633S,01F0664S,31,97,97
2024/05/02,21:30,4,0,01F0633N,01H0579N,31,90,20
2024/05/02,21:30,4,0,01F0578S,01H0610S,31,93,34
2024/05/02,21:35,4,0,01F0584N,01F0557N,31,97,104
2024/05/02,21:35,4,0,01F0633N,01F0584N,31,100,72
2024/05/02,21:35,4,0,01F0578S,01F0633S,31,97,93
2024/05/02,21:35,4,0,01F0633S,01F0664S,31,97,87
2024/05/02,21:35,4,0,01F0633N,01H0579N,31,95,20
2024/05/02,21:35,4,0,01F0578S,01H0610S,31,95,24
2024/05/02,21:40,4,0,01F0584N,01F0557N,31,93,115
2024/05/02,21:40,4,0,01F0633N,01F0584N,31,97,88
2024/05/02,21:40,4,0,01F0578S,01F0633S,31,93,96
2024/05/02,21:40,4,0,01F0633S,01F0664S,31,93,102
2024/05/02,21:40,4,0,01F0633N,01H0579N,31,93,19
2024/05/02,21:40,4,0,01F0578S,01H0610S,31,90,23
2024/05/02,21:45,4,0,01F0584N,01F0557N,31,97,105
2024/05/02,21:45,4,0,01F0633N,01F0584N,31,100,84
2024/05/02,21:45,4,0,01F0578S,01F0633S,31,97,83
2024/05/02,21:45,4,0,01F0633S,01F0664S,31,93,80
2024/05/02,21:45,4,0,01F0633N,01H0579N,31,99,16
2024/05/02,21:45,4,0,01F0578S,01H0610S,31,93,16
2024/05/02,21:50,4,0,01F0584N,01F0557N,31,97,113
2024/05/02,21:50,4,0,01F0633N,01F0584N,31,97,81
2024/05/02,21:50,4,0,01F0578S,01F0633S,31,97,92
2024/05/02,21:50,4,0,01F0633S,01F0664S,31,97,97
2024/05/02,21:50,4,0,01F0633N,01H0579N,31,93,15
2024/05/02,21:50,4,0,01F0578S,01H0610S,31,93,25
2024/05/02,21:55,4,0,01F0584N,01F0557N,31,97,109
2024/05/02,21:55,4,0,01F0633N,01F0584N,31,100,72
2024/05/02,21:55,4,0,01F0578S,01F0633S,31,97,53
2024/05/02,21:55,4,0,01F0633S,01F0664S,31,97,84
2024/05/02,21:55,4,0,01F0633N,01H0579N,31,93,16
2024/05/02,21:55,4,0,01F0578S,01H0610S,31,99,18
2024/05/02,22:00,4,0,01F0584N,01F0557N,31,97,90
2024/05/02,22:00,4,0,01F0633N,01F0584N,31,100,74
2024/05/02,22:00,4,0,01F0578S,01F0633S,31,97,76
2024/05/02,22:00,4,0,01F0633S,01F0664S,31,95,80
2024/05/02,22:00,4,0,01F0633N,01H0579N,31,97,17
2024/05/02,22:00,4,0,01F0578S,01H0610S,31,93,30
2024/05/02,22:05,4,0,01F0584N,01F0557N,31,100,98
2024/05/02,22:05,4,0,01F0633N,01F0584N,31,100,59
2024/05/02,22:05,4,0,01F0578S,01F0633S,31,97,66
2024/05/02,22:05,4,0,01F0633S,01F0664S,31,97,71
2024/05/02,22:05,4,0,01F0633N,01H0579N,31,97,11
2024/05/02,22:05,4,0,01F0578S,01H0610S,31,97,25
2024/05/02,22:10,4,0,01F0584N,01F0557N,31,100,101
2024/05/02,22:10,4,0,01F0633N,01F0584N,31,100,66
2024/05/02,22:10,4,0,01F0578S,01F0633S,31,93,63
2024/05/02,22:10,4,0,01F0633S,01F0664S,31,93,56
2024/05/02,22:10,4,0,01F0633N,01H0579N,31,100,19
2024/05/02,22:10,4,0,01F0578S,01H0610S,31,91,20
2024/05/02,22:15,4,0,01F0584N,01F0557N,31,97,64
2024/05/02,22:15,4,0,01F0633N,01F0584N,31,100,56
2024/05/02,22:15,4,0,01F0578S,01F0633S,31,97,79
2024/05/02,22:15,4,0,01F0633S,01F0664S,31,97,82
2024/05/02,22:15,4,0,01F0633N,01H0579N,31,93,12
2024/05/02,22:15,4,0,01F0578S,01H0610S,31,93,31
2024/05/02,22:20,4,0,01F0584N,01F0557N,31,97,88
2024/05/02,22:20,4,0,01F0633N,01F0584N,31,100,70
2024/05/02,22:20,4,0,01F0578S,01F0633S,31,93,105
2024/05/02,22:20,4,0,01F0633S,01F0664S,31,97,88
2024/05/02,22:20,4,0,01F0633N,01H0579N,31,104,19
2024/05/02,22:20,4,0,01F0578S,01H0610S,31,95,20
2024/05/02,22:25,4,0,01F0584N,01F0557N,31,97,69
2024/05/02,22:25,4,0,01F0633N,01F0584N,31,97,59
2024/05/02,22:25,4,0,01F0578S,01F0633S,31,97,67
2024/05/02,22:25,4,0,01F0633S,01F0664S,31,97,76
2024/05/02,22:25,4,0,01F0633N,01H0579N,31,93,13
2024/05/02,22:25,4,0,01F0578S,01H0610S,31,99,20
2024/05/02,22:30,4,0,01F0584N,01F0557N,31,100,92
2024/05/02,22:30,4,0,01F0633N,01F0584N,31,100,59
2024/05/02,22:30,4,0,01F0578S,01F0633S,31,100,71
2024/05/02,22:30,4,0,01F0633S,01F0664S,31,100,53
2024/05/02,22:30,4,0,01F0633N,01H0579N,31,100,23
2024/05/02,22:30,4,0,01F0578S,01H0610S,31,97,17
2024/05/02,22:35,4,0,01F0584N,01F0557N,31,100,67
2024/05/02,22:35,4,0,01F0633N,01F0584N,31,100,51
2024/05/02,22:35,4,0,01F0578S,01F0633S,31,97,47
2024/05/02,22:35,4,0,01F0633S,01F0664S,31,100,65
2024/05/02,22:35,4,0,01F0633N,01H0579N,31,100,8
2024/05/02,22:35,4,0,01F0578S,01H0610S,31,97,13
2024/05/02,22:40,4,0,01F0584N,01F0557N,31,97,74
2024/05/02,22:40,4,0,01F0633N,01F0584N,31,97,57
2024/05/02,22:40,4,0,01F0578S,01F0633S,31,100,63
2024/05/02,22:40,4,0,01F0633S,01F0664S,31,97,56
2024/05/02,22:40,4,0,01F0633N,01H0579N,31,100,8
2024/05/02,22:40,4,0,01F0578S,01H0610S,31,97,20
2024/05/02,22:45,4,0,01F0584N,01F0557N,31,104,63
2024/05/02,22:45,4,0,01F0633N,01F0584N,31,104,45
2024/05/02,22:45,4,0,01F0578S,01F0633S,31,100,56
2024/05/02,22:45,4,0,01F0633S,01F0664S,31,100,72
2024/05/02,22:45,4,0,01F0633N,01H0579N,31,97,16
2024/05/02,22:45,4,0,01F0578S,01H0610S,31,93,15
2024/05/02,22:50,4,0,01F0584N,01F0557N,31,100,60
2024/05/02,22:50,4,0,01F0633N,01F0584N,31,100,50
2024/05/02,22:50,4,0,01F0578S,01F0633S,31,97,53
2024/05/02,22:50,4,0,01F0633S,01F0664S,31,97,63
2024/05/02,22:50,4,0,01F0633N,01H0579N,31,100,12
2024/05/02,22:50,4,0,01F0578S,01H0610S,31,97,17
2024/05/02,22:55,4,0,01F0584N,01F0557N,31,100,65
2024/05/02,22:55,4,0,01F0633N,01F0584N,31,100,62
2024/05/02,22:55,4,0,01F0578S,01F0633S,31,100,42
2024/05/02,22:55,4,0,01F0633S,01F0664S,31,100,62
2024/05/02,22:55,4,0,01F0633N,01H0579N,31,100,17
2024/05/02,22:55,4,0,01F0578S,01H0610S,31,93,18
2024/05/02,23:00,4,0,01F0584N,01F0557N,31,97,52
2024/05/02,23:00,4,0,01F0633N,01F0584N,31,97,37
2024/05/02,23:00,4,0,01F0578S,01F0633S,31,95,56
2024/05/02,23:00,4,0,01F0633S,01F0664S,31,97,65
2024/05/02,23:00,4,0,01F0633N,01H0579N,31,104,9
2024/05/02,23:00,4,0,01F0578S,01H0610S,31,93,14
2024/05/02,23:05,4,0,01F0584N,01F0557N,31,100,57
2024/05/02,23:05,4,0,01F0633N,01F0584N,31,97,42
2024/05/02,23:05,4,0,01F0578S,01F0633S,31,97,36
2024/05/02,23:05,4,0,01F0633S,01F0664S,31,100,55
2024/05/02,23:05,4,0,01F0633N,01H0579N,31,95,10
2024/05/02,23:05,4,0,01F0578S,01H0610S,31,99,12
2024/05/02,23:10,4,0,01F0584N,01F0557N,31,100,67
2024/05/02,23:10,4,0,01F0633N,01F0584N,31,100,44
2024/05/02,23:10,4,0,01F0578S,01F0633S,31,100,35
2024/05/02,23:10,4,0,01F0633S,01F0664S,31,100,37
2024/05/02,23:10,4,0,01F0633N,01H0579N,31,97,11
2024/05/02,23:10,4,0,01F0578S,01H0610S,31,100,7
2024/05/02,23:15,4,0,01F0584N,01F0557N,31,97,47
2024/05/02,23:15,4,0,01F0633N,01F0584N,31,100,59
2024/05/02,23:15,4,0,01F0578S,01F0633S,31,97,41
2024/05/02,23:15,4,0,01F0633S,01F0664S,31,100,45
2024/05/02,23:15,4,0,01F0633N,01H0579N,31,97,16
2024/05/02,23:15,4,0,01F0578S,01H0610S,31,100,5
2024/05/02,23:20,4,0,01F0584N,01F0557N,31,97,67
2024/05/02,23:20,4,0,01F0633N,01F0584N,31,100,44
2024/05/02,23:20,4,0,01F0578S,01F0633S,31,97,42
2024/05/02,23:20,4,0,01F0633S,01F0664S,31,97,57
2024/05/02,23:20,4,0,01F0633N,01H0579N,31,97,11
2024/05/02,23:20,4,0,01F0578S,01H0610S,31,97,9
2024/05/02,23:25,4,0,01F0584N,01F0557N,31,100,53
2024/05/02,23:25,4,0,01F0633N,01F0584N,31,100,47
2024/05/02,23:25,4,0,01F0578S,01F0633S,31,97,47
2024/05/02,23:25,4,0,01F0633S,01F0664S,31,97,44
2024/05/02,23:25,4,0,01F0633N,01H0579N,31,97,6
2024/05/02,23:25,4,0,01F0578S,01H0610S,31,100,13
2024/05/02,23:30,4,0,01F0584N,01F0557N,31,100,41
2024/05/02,23:30,4,0,01F0633N,01F0584N,31,100,32
2024/05/02,23:30,4,0,01F0578S,01F0633S,31,100,41
2024/05/02,23:30,4,0,01F0633S,01F0664S,31,97,46
2024/05/02,23:30,4,0,01F0633N,01H0579N,31,95,8
2024/05/02,23:30,4,0,01F0578S,01H0610S,31,100,13
2024/05/02,23:35,4,0,01F0584N,01F0557N,31,104,53
2024/05/02,23:35,4,0,01F0633N,01F0584N,31,104,56
2024/05/02,23:35,4,0,01F0578S,01F0633S,31,93,25
2024/05/02,23:35,4,0,01F0633S,01F0664S,31,93,39
2024/05/02,23:35,4,0,01F0633N,01H0579N,31,97,7
2024/05/02,23:35,4,0,01F0578S,01H0610S,31,104,15
2024/05/02,23:40,4,0,01F0584N,01F0557N,31,100,43
2024/05/02,23:40,4,0,01F0633N,01F0584N,31,104,29
2024/05/02,23:40,4,0,01F0578S,01F0633S,31,100,25
2024/05/02,23:40,4,0,01F0633S,01F0664S,31,97,29
2024/05/02,23:40,4,0,01F0633N,01H0579N,31,93,13
2024/05/02,23:40,4,0,01F0578S,01H0610S,31,97,8
2024/05/02,23:45,4,0,01F0584N,01F0557N,31,100,28
2024/05/02,23:45,4,0,01F0633N,01F0584N,31,104,34
2024/05/02,23:45,4,0,01F0578S,01F0633S,31,97,38
2024/05/02,23:45,4,0,01F0633S,01F0664S,31,97,50
2024/05/02,23:45,4,0,01F0633N,01H0579N,31,108,5
2024/05/02,23:45,4,0,01F0578S,01H0610S,31,97,9
2024/05/02,23:50,4,0,01F0584N,01F0557N,31,100,47
2024/05/02,23:50,4,0,01F0633N,01F0584N,31,100,30
2024/05/02,23:50,4,0,01F0578S,01F0633S,31,100,34
2024/05/02,23:50,4,0,01F0633S,01F0664S,31,99,38
2024/05/02,23:50,4,0,01F0633N,01H0579N,31,104,9
2024/05/02,23:50,4,0,01F0578S,01H0610S,31,100,9
2024/05/02,23:55,4,0,01F0584N,01F0557N,31,100,53
2024/05/02,23:55,4,0,01F0633N,01F0584N,31,104,29
2024/05/02,23:55,4,0,01F0578S,01F0633S,31,100,37
2024/05/02,23:55,4,0,01F0633S,01F0664S,31,97,44
2024/05/02,23:55,4,0,01F0633N,01H0579N,31,104,8
2024/05/02,23:55,4,0,01F0578S,01H0610S,31,99,12
